,Unnamed: 0,Unnamed: 0.1,ZCTA,GEO.display-label,Percent_Public_Insurance,Median_Income,Percentage_Minority,Zipcode_population,Percentage_above65
0,0,0,51640,ZCTA5 51640,25.3,41563,1.984126984,1512,24.5
1,1,1,52542,ZCTA5 52542,10.8,41146,12.80898876,445,11.2
2,2,2,52573,ZCTA5 52573,37.2,106818,0,172,37.2
3,3,3,52626,ZCTA5 52626,24.2,38971,2.388059701,1340,21.4
4,4,4,63005,ZCTA5 63005,14.4,160354,11.90102121,17822,14.4
5,5,5,63010,ZCTA5 63010,16.5,63654,3.226075358,35988,14.6
6,6,6,63011,ZCTA5 63011,19,93978,10.755991,37765,18.8
7,7,7,63012,ZCTA5 63012,12.1,78114,1.018964053,10599,10.4
8,8,8,63013,ZCTA5 63013,24.6,43902,4.365541327,1718,16
9,9,9,63014,ZCTA5 63014,24.4,46711,1.934703748,827,20.2
10,10,10,63015,ZCTA5 63015,10.6,44400,3.816466552,2332,9.5
11,11,11,63016,ZCTA5 63016,17.2,60080,1.778367618,7535,14.9
12,12,12,63017,ZCTA5 63017,24.3,99099,15.83972679,41579,26.6
13,13,13,63019,ZCTA5 63019,17.3,52438,8.359764386,4414,11.6
14,14,14,63020,ZCTA5 63020,21.5,49759,2.548055431,20133,17.4
15,15,15,63021,ZCTA5 63021,14.4,85967,14.12349184,56360,14.1
16,16,16,63023,ZCTA5 63023,17.4,49304,1.614782753,6007,13.7
17,17,17,63025,ZCTA5 63025,16.1,98590,4.429883911,14041,15.4
18,18,18,63026,ZCTA5 63026,14.2,75991,5.225221179,44534,13.4
19,19,19,63028,ZCTA5 63028,20.3,54302,3.309341559,26259,17.7
20,20,20,63030,ZCTA5 63030,18.8,60313,0,223,13.9
21,21,21,63031,ZCTA5 63031,15.5,57470,37.52726968,47672,14.4
22,22,22,63033,ZCTA5 63033,18,52716,71.2345679,43740,15.7
23,23,23,63034,ZCTA5 63034,20,79340,65.81015551,17941,18.9
24,24,24,63036,ZCTA5 63036,30.4,33750,3.950617284,810,25.8
25,25,25,63037,ZCTA5 63037,15.7,52112,2.748610253,3238,14.4
26,26,26,63038,ZCTA5 63038,13.3,125441,8.691460055,7260,13.3
27,27,27,63039,ZCTA5 63039,14.8,55833,0,661,14.8
28,28,28,63040,ZCTA5 63040,11.8,103911,8.387732479,8119,11.5
29,29,29,63041,ZCTA5 63041,30,62375,0,629,30
30,30,30,63042,ZCTA5 63042,15,45236,46.29329552,19748,11.9
31,31,31,63043,ZCTA5 63043,17.2,66553,27.92496444,22496,16.8
32,32,32,63044,ZCTA5 63044,19.6,60344,28.50277961,10613,19.9
33,33,33,63045,ZCTA5 63045,-,-,#DIV/0!,0,-
34,34,34,63047,ZCTA5 63047,0,-,0,64,0
35,35,35,63048,ZCTA5 63048,14.6,60469,4.407135362,3812,14.7
36,36,36,63049,ZCTA5 63049,14.9,63231,5.035234596,16603,12.9
37,37,37,63050,ZCTA5 63050,15.6,61801,2.0181144,16451,13.5
38,38,38,63051,ZCTA5 63051,14.3,60584,2.460506081,14306,12.6
39,39,39,63052,ZCTA5 63052,11.8,69224,4.280506596,26609,9.7
40,40,40,63053,ZCTA5 63053,15.6,50500,0,64,9.4
41,41,41,63055,ZCTA5 63055,7.4,60992,9.213557091,3039,7
42,42,42,63056,ZCTA5 63056,22,43922,0.838677849,2027,21.6
43,43,43,63057,ZCTA5 63057,20,-,36.92307692,65,20
44,44,44,63060,ZCTA5 63060,19.5,56045,0.519357885,2118,17.8
45,45,45,63061,ZCTA5 63061,22.2,-,0,176,22.2
46,46,46,63068,ZCTA5 63068,20.7,51890,2.622377622,5148,18.2
47,47,47,63069,ZCTA5 63069,15.5,62148,10.02569083,15959,13.1
48,48,48,63070,ZCTA5 63070,16.8,49430,7.988661255,7761,12.6
49,49,49,63071,ZCTA5 63071,25.6,31607,1.267962806,1183,15.5
50,50,50,63072,ZCTA5 63072,16.8,59375,2.359985911,2839,14.5
51,51,51,63073,ZCTA5 63073,16.5,-,0,919,16.5
52,52,52,63074,ZCTA5 63074,15.6,43962,38.48673217,14961,12.4
53,53,53,63077,ZCTA5 63077,19.6,45852,5.487305487,10989,16.4
54,54,54,63079,ZCTA5 63079,100,-,0,21,100
55,55,55,63080,ZCTA5 63080,19.6,42002,3.661119516,13220,15.6
56,56,56,63084,ZCTA5 63084,16.1,54461,2.217579945,18669,12.5
57,57,57,63087,ZCTA5 63087,29.4,53301,0,829,14.8
58,58,58,63088,ZCTA5 63088,13.9,58125,7.492208104,8342,14.2
59,59,59,63089,ZCTA5 63089,22.3,51250,2.596491228,5700,20.7
60,60,60,63090,ZCTA5 63090,18.2,64650,4.794932261,21627,17.2
61,61,61,63091,ZCTA5 63091,14.3,57400,4.743975904,1328,10.8
62,62,62,63101,ZCTA5 63101,9.4,54649,61.6786141,3348,7.6
63,63,63,63102,ZCTA5 63102,8.8,50956,54.47996398,2221,3.6
64,64,64,63103,ZCTA5 63103,14,38003,53.90507283,7964,9.6
65,65,65,63104,ZCTA5 63104,12.9,47780,51.28218149,19693,8.9
66,66,66,63105,ZCTA5 63105,15,92614,22.02170062,18064,14.4
67,67,67,63106,ZCTA5 63106,13.6,15031,96.36569636,11474,9.7
68,68,68,63107,ZCTA5 63107,19.3,20758,88.17151787,10238,14.4
69,69,69,63108,ZCTA5 63108,16.5,40621,48.11786268,21279,14.1
70,70,70,63109,ZCTA5 63109,16.2,55324,11.49005883,26858,13.4
71,71,71,63110,ZCTA5 63110,11.8,49610,40.95429657,17898,10
72,72,72,63111,ZCTA5 63111,17.6,28263,51.90306553,21334,11.8
73,73,73,63112,ZCTA5 63112,17.2,36638,77.62176619,19443,13.7
74,74,74,63113,ZCTA5 63113,20.8,27608,97.29077253,11184,16.2
75,75,75,63114,ZCTA5 63114,15,44053,34.3090023,35702,12
76,76,76,63115,ZCTA5 63115,22.1,23780,99.05846056,18799,16.4
77,77,77,63116,ZCTA5 63116,13.7,42977,32.11808643,44984,10.6
78,78,78,63117,ZCTA5 63117,14.8,74541,20.95715081,8985,14.7
79,79,79,63118,ZCTA5 63118,11.2,32851,58.04407419,28089,7.7
80,80,80,63119,ZCTA5 63119,17.9,74245,13.69480157,33991,19.3
81,81,81,63120,ZCTA5 63120,19.6,24815,97.80331193,8877,13.8
82,82,82,63121,ZCTA5 63121,22.4,37777,85.53797596,24713,19.8
83,83,83,63122,ZCTA5 63122,19.8,91824,8.782517141,38941,20.1
84,84,84,63123,ZCTA5 63123,20.2,55590,9.517621579,50790,18.4
85,85,85,63124,ZCTA5 63124,24.5,149423,13.88237501,10661,24.6
86,86,86,63125,ZCTA5 63125,20.3,48840,8.134896281,32588,17.6
87,87,87,63126,ZCTA5 63126,21.2,73720,5.406666667,15000,20.7
88,88,88,63127,ZCTA5 63127,26.2,88438,7.526452386,5009,26.9
89,89,89,63128,ZCTA5 63128,25.7,75231,4.214799657,30298,25.8
90,90,90,63129,ZCTA5 63129,19.4,69292,5.121887967,53984,18.2
91,91,91,63130,ZCTA5 63130,14.8,63259,45.83828977,29423,14
92,92,92,63131,ZCTA5 63131,21.5,144159,8.219727346,17458,22.2
93,93,93,63132,ZCTA5 63132,16.2,52119,49.00764481,13604,15.3
94,94,94,63133,ZCTA5 63133,15.9,21983,94.6568023,7299,13.7
95,95,95,63134,ZCTA5 63134,12.4,40408,69.29550896,13783,10.4
96,96,96,63135,ZCTA5 63135,15,43692,68.88465205,20980,11.5
97,97,97,63136,ZCTA5 63136,17.2,31208,93.5820209,45653,12.5
98,98,98,63137,ZCTA5 63137,15.3,36849,82.45745746,19980,12.3
99,99,99,63138,ZCTA5 63138,15.2,38367,79.68499042,19301,11.7
100,100,100,63139,ZCTA5 63139,15.3,52224,16.2590392,21711,12.3
101,101,101,63140,ZCTA5 63140,16.2,19821,81.98529412,272,13.2
102,102,102,63141,ZCTA5 63141,22,110645,21.69163083,20229,22.9
103,103,103,63143,ZCTA5 63143,12.3,45777,22.98374573,9659,10.7
104,104,104,63144,ZCTA5 63144,12.4,74438,11.349134,8776,11.3
105,105,105,63146,ZCTA5 63146,21.3,67426,28.35736027,29897,20.9
106,106,106,63147,ZCTA5 63147,22.1,29731,94.62805889,10257,16.2
107,107,107,63155,ZCTA5 63155,-,-,#DIV/0!,0,-
108,108,108,63301,ZCTA5 63301,17.9,54958,10.41629621,50613,16.6
109,109,109,63303,ZCTA5 63303,15.9,74696,14.96150538,47669,14.8
110,110,110,63304,ZCTA5 63304,14.5,92041,9.241028898,40937,13.9
111,111,111,63330,ZCTA5 63330,16.9,46250,1.058201058,189,11.1
112,112,112,63332,ZCTA5 63332,38.9,65292,0.078492936,1274,37.7
113,113,113,63333,ZCTA5 63333,23.7,31845,5.177514793,676,17.3
114,114,114,63334,ZCTA5 63334,18.6,46157,13.77012771,9005,13
115,115,115,63336,ZCTA5 63336,34.5,49250,7.180851064,1128,29.5
116,116,116,63339,ZCTA5 63339,16.3,38546,1.930147059,1088,14.2
117,117,117,63341,ZCTA5 63341,13,105298,1.5973561,3631,13.5
118,118,118,63343,ZCTA5 63343,21.2,47788,7.106931992,4573,19.1
119,119,119,63344,ZCTA5 63344,23,51546,3.573883162,1455,18.8
120,120,120,63345,ZCTA5 63345,15.9,53264,10.89655172,725,14.1
121,121,121,63347,ZCTA5 63347,12.3,47292,5.225893459,2966,7.7
122,122,122,63348,ZCTA5 63348,18.4,90600,2.809890816,6228,17.1
123,123,123,63349,ZCTA5 63349,14.8,54185,5.789990186,2038,13.2
124,124,124,63350,ZCTA5 63350,35.5,47778,0,442,33.3
125,125,125,63351,ZCTA5 63351,21.9,40552,1.246882793,1604,24
126,126,126,63352,ZCTA5 63352,36.7,33304,1.572052402,1145,32
127,127,127,63353,ZCTA5 63353,23.3,40525,12.22499433,4409,21
128,128,128,63357,ZCTA5 63357,20.7,60549,1.254584057,5181,16.1
129,129,129,63359,ZCTA5 63359,25,59107,4.453125,1280,20.4
130,130,130,63361,ZCTA5 63361,23.9,41117,4.430992736,4130,19.3
131,131,131,63362,ZCTA5 63362,10.1,55333,5.690830666,7187,6.4
132,132,132,63363,ZCTA5 63363,21.8,40436,7.865757735,1907,21.3
133,133,133,63366,ZCTA5 63366,14.6,73265,7.95688408,49077,12.6
134,134,134,63367,ZCTA5 63367,15,91310,7.830687831,23625,14.7
135,135,135,63368,ZCTA5 63368,11.4,95774,11.79447853,45640,11.1
136,136,136,63369,ZCTA5 63369,18.1,67143,0,1930,14.5
137,137,137,63370,ZCTA5 63370,100,-,0,6,100
138,138,138,63373,ZCTA5 63373,15.7,69375,1.535508637,521,11.9
139,139,139,63376,ZCTA5 63376,14.5,77741,9.292041328,74623,13.6
140,140,140,63377,ZCTA5 63377,16,57379,1.235465116,2752,13.3
141,141,141,63379,ZCTA5 63379,15.6,63411,4.706970014,24878,12.5
142,142,142,63381,ZCTA5 63381,19,57880,0,668,15
143,143,143,63382,ZCTA5 63382,26.4,40317,17.00584324,4963,16.1
144,144,144,63383,ZCTA5 63383,20.1,49539,6.415697853,16257,16.8
145,145,145,63384,ZCTA5 63384,21.7,39205,4.698795181,1660,22.5
146,146,146,63385,ZCTA5 63385,13,82357,7.387134392,42019,11.9
147,147,147,63386,ZCTA5 63386,29.9,36607,1.715686275,408,22.8
148,148,148,63387,ZCTA5 63387,26.4,26607,0,53,30.2
149,149,149,63388,ZCTA5 63388,25.9,39306,3.602305476,694,16.4
150,150,150,63389,ZCTA5 63389,17,55750,6.65252311,6599,15.1
151,151,151,63390,ZCTA5 63390,18.7,64357,11.82688833,11068,16.5
152,152,152,63401,ZCTA5 63401,19.9,41867,10.149294,22238,16.4
153,153,153,63430,ZCTA5 63430,14.1,55714,2.076677316,626,14.5
154,154,154,63431,ZCTA5 63431,31.3,40966,0,259,31.3
155,155,155,63432,ZCTA5 63432,30.5,41607,0,522,30.5
156,156,156,63433,ZCTA5 63433,73.8,-,0,61,73.8
157,157,157,63434,ZCTA5 63434,13.1,42750,5.523255814,688,12.2
158,158,158,63435,ZCTA5 63435,16.1,40948,6.55204461,4304,16.4
159,159,159,63436,ZCTA5 63436,26.1,47708,0.633914422,1262,22.1
160,160,160,63437,ZCTA5 63437,22.6,36250,5.916030534,1572,20.2
161,161,161,63438,ZCTA5 63438,28.8,54205,7.853403141,382,25.9
162,162,162,63439,ZCTA5 63439,31.3,62813,0,83,31.3
163,163,163,63440,ZCTA5 63440,18,46319,0.572519084,1048,17.2
164,164,164,63441,ZCTA5 63441,19.6,45167,2.276707531,1142,16.8
165,165,165,63443,ZCTA5 63443,19,55208,0.256410256,390,17.2
166,166,166,63445,ZCTA5 63445,24.8,43878,2.696433749,3449,22
167,167,167,63446,ZCTA5 63446,25.6,41296,0,586,15.9
168,168,168,63447,ZCTA5 63447,20.7,37917,2.356637863,1273,17.1
169,169,169,63448,ZCTA5 63448,17.8,55781,11.90979563,1419,16.9
170,170,170,63450,ZCTA5 63450,32.7,67917,0,52,32.7
171,171,171,63451,ZCTA5 63451,18.8,56250,0,191,21.5
172,172,172,63452,ZCTA5 63452,25.7,44250,1.62962963,1350,24.8
173,173,173,63453,ZCTA5 63453,12.6,60179,3.639846743,522,12.3
174,174,174,63454,ZCTA5 63454,25.8,47390,2.162162162,925,24.2
175,175,175,63456,ZCTA5 63456,24.7,43168,6.717984605,4287,20.9
176,176,176,63457,ZCTA5 63457,6.8,76500,3.244837758,339,6.5
177,177,177,63458,ZCTA5 63458,22,29732,3.731343284,134,20.1
178,178,178,63459,ZCTA5 63459,20.7,60526,4.256397264,3947,18.2
179,179,179,63460,ZCTA5 63460,22.4,52898,1.474201474,407,17
180,180,180,63461,ZCTA5 63461,17.5,55938,4.666323555,5829,16.3
181,181,181,63462,ZCTA5 63462,28.5,40606,0.890410959,1460,26.4
182,182,182,63463,ZCTA5 63463,17.5,50833,0,697,11.3
183,183,183,63464,ZCTA5 63464,100,-,0,14,100
184,184,184,63465,ZCTA5 63465,24.6,54250,0.777202073,386,23.3
185,185,185,63467,ZCTA5 63467,100,-,0,18,100
186,186,186,63468,ZCTA5 63468,21.7,39712,0.753212229,2257,21
187,187,187,63469,ZCTA5 63469,20.6,58352,1.481481481,1215,19.4
188,188,188,63471,ZCTA5 63471,23.7,56726,4.469273743,716,21.9
189,189,189,63472,ZCTA5 63472,22.5,40455,4.430379747,632,17.1
190,190,190,63473,ZCTA5 63473,7.6,65670,0,329,2.1
191,191,191,63474,ZCTA5 63474,21.3,41250,0,422,20.6
192,192,192,63501,ZCTA5 63501,14.9,37533,8.873704272,21513,13.6
193,193,193,63530,ZCTA5 63530,16.3,43188,2.584670232,1122,11.9
194,194,194,63531,ZCTA5 63531,25.1,57969,1.534526854,391,22.3
195,195,195,63532,ZCTA5 63532,23,38643,3.934669636,1347,20.3
196,196,196,63533,ZCTA5 63533,17.6,46848,1.904761905,735,15.4
197,197,197,63534,ZCTA5 63534,23.7,37000,0,822,17.6
198,198,198,63535,ZCTA5 63535,50,49844,0,82,50
199,199,199,63536,ZCTA5 63536,14.5,45625,0.208333333,960,9
200,200,200,63537,ZCTA5 63537,24.7,37463,4.464766003,1859,23.1
201,201,201,63538,ZCTA5 63538,24.5,53750,4.716981132,318,21.7
202,202,202,63539,ZCTA5 63539,31.2,45208,8.415841584,202,28.7
203,203,203,63540,ZCTA5 63540,17.9,44219,0,117,11.1
204,204,204,63541,ZCTA5 63541,20.3,32833,0,276,14.9
205,205,205,63543,ZCTA5 63543,21,31731,0.568181818,352,18.2
206,206,206,63544,ZCTA5 63544,22.5,37632,1.131541726,707,18.2
207,207,207,63545,ZCTA5 63545,28.5,36667,2.122905028,895,19.8
208,208,208,63546,ZCTA5 63546,18.4,46406,1.711761458,1811,17.7
209,209,209,63547,ZCTA5 63547,26.6,36033,7.416267943,418,26.1
210,210,210,63548,ZCTA5 63548,20.2,35313,4.320557491,1435,16.9
211,211,211,63549,ZCTA5 63549,26.2,41302,0.686400686,2331,22.9
212,212,212,63551,ZCTA5 63551,37.9,20938,14.0625,256,28.5
213,213,213,63552,ZCTA5 63552,22.5,38244,8.697863683,7864,21.7
214,214,214,63555,ZCTA5 63555,18.7,43333,1.378205128,3120,20.1
215,215,215,63556,ZCTA5 63556,18.7,45068,8.75858685,4076,18.2
216,216,216,63557,ZCTA5 63557,26.7,41250,3.111111111,225,26.7
217,217,217,63558,ZCTA5 63558,25.1,42917,1.221166893,737,18.9
218,218,218,63559,ZCTA5 63559,27.1,40250,2.986217458,1306,20.7
219,219,219,63560,ZCTA5 63560,54.4,37250,0,147,52.4
220,220,220,63561,ZCTA5 63561,23.9,33750,2.981260647,1174,24.5
221,221,221,63563,ZCTA5 63563,9.5,44514,0.730816078,821,10.6
222,222,222,63565,ZCTA5 63565,27.8,40370,2.132435466,3564,23.3
223,223,223,63566,ZCTA5 63566,33.6,48750,9.701492537,134,33.6
224,224,224,63567,ZCTA5 63567,11.8,27065,0,287,10.1
225,225,225,63601,ZCTA5 63601,21.7,35800,2.949833213,15289,14.2
226,226,226,63620,ZCTA5 63620,20.5,34583,8.028673835,1395,13.5
227,227,227,63621,ZCTA5 63621,23.8,37102,2.721685689,1139,16.9
228,228,228,63622,ZCTA5 63622,21.2,36653,2.300109529,913,19.8
229,229,229,63623,ZCTA5 63623,30.6,34097,3.136308806,829,27.6
230,230,230,63624,ZCTA5 63624,28.1,40323,1.597444089,4069,20.8
231,231,231,63625,ZCTA5 63625,48,55703,12.8358209,335,40.3
232,232,232,63626,ZCTA5 63626,9.6,57829,6.066802999,1467,6.1
233,233,233,63627,ZCTA5 63627,20.7,52272,2.714665093,3389,15.6
234,234,234,63628,ZCTA5 63628,21.8,48145,11.31309345,16008,15
235,235,235,63629,ZCTA5 63629,27.5,40781,2.96956199,1347,21
236,236,236,63630,ZCTA5 63630,26.1,29481,0.055478502,3605,13.8
237,237,237,63631,ZCTA5 63631,26.7,52813,0.512820513,1170,17.5
238,238,238,63633,ZCTA5 63633,18.3,35185,3.249630724,677,12.1
239,239,239,63636,ZCTA5 63636,22.6,34583,2.145922747,699,19.5
240,240,240,63637,ZCTA5 63637,29.2,-,0.908500973,1541,18.2
241,241,241,63638,ZCTA5 63638,26.5,37692,4.55705432,2743,22.2
242,242,242,63640,ZCTA5 63640,21.9,47557,7.655871724,28501,16
243,243,243,63645,ZCTA5 63645,23.2,38705,2.855883649,11345,18.8
244,244,244,63648,ZCTA5 63648,15.3,49375,14.59227468,1631,12.1
245,245,245,63650,ZCTA5 63650,31.5,37059,4.53243032,3839,25.5
246,246,246,63653,ZCTA5 63653,14.1,31250,0,1458,9
247,247,247,63654,ZCTA5 63654,23.2,58043,0,513,23.8
248,248,248,63655,ZCTA5 63655,22.6,34967,0.791717418,1642,18.4
249,249,249,63656,ZCTA5 63656,15.9,50292,0.759493671,395,11.4
250,250,250,63660,ZCTA5 63660,20.1,34688,13.74304379,4133,13.6
251,251,251,63662,ZCTA5 63662,24.3,39186,2.874251497,1670,23.3
252,252,252,63663,ZCTA5 63663,22.9,28807,8.527131783,645,19.2
253,253,253,63664,ZCTA5 63664,24.2,37366,2.973893303,8810,18.6
254,254,254,63665,ZCTA5 63665,30.3,49583,8.205128205,195,20.5
255,255,255,63666,ZCTA5 63666,15.2,-,11.79775281,178,12.9
256,256,256,63670,ZCTA5 63670,22.3,49794,4.337794186,10835,18.8
257,257,257,63673,ZCTA5 63673,23.4,47891,2.33669676,1883,19.5
258,258,258,63674,ZCTA5 63674,0,-,0,88,0
259,259,259,63675,ZCTA5 63675,36.7,30714,0,196,36.7
260,260,260,63701,ZCTA5 63701,16.2,50848,15.35018499,38651,14.1
261,261,261,63703,ZCTA5 63703,25.6,24815,29.43833944,8190,23.3
262,262,262,63730,ZCTA5 63730,26.4,48438,1.045178692,2966,21.2
263,263,263,63732,ZCTA5 63732,9,59813,4.545454545,902,8.3
264,264,264,63735,ZCTA5 63735,17,33750,7.343941248,817,12.9
265,265,265,63736,ZCTA5 63736,22.1,46042,3.501094092,3656,16.5
266,266,266,63738,ZCTA5 63738,30,-,30,40,30
267,267,267,63739,ZCTA5 63739,16.3,50893,3.728813559,295,13.6
268,268,268,63740,ZCTA5 63740,22,48125,2.178010471,4775,16.3
269,269,269,63742,ZCTA5 63742,35.7,43250,0,56,33.9
270,270,270,63743,ZCTA5 63743,57.4,-,0,61,57.4
271,271,271,63744,ZCTA5 63744,21.7,40556,0.724637681,138,21.7
272,272,272,63745,ZCTA5 63745,28,35000,0,25,28
273,273,273,63746,ZCTA5 63746,26.4,64559,0,87,14.9
274,274,274,63747,ZCTA5 63747,12.7,60250,0,474,12.7
275,275,275,63748,ZCTA5 63748,21.5,60250,1.482854495,1079,20.5
276,276,276,63750,ZCTA5 63750,100,-,0,4,100
277,277,277,63751,ZCTA5 63751,18.2,40978,0.492957746,1420,10.5
278,278,278,63755,ZCTA5 63755,17.4,58364,3.726610203,25385,14.8
279,279,279,63758,ZCTA5 63758,10.6,50114,0.757575758,132,10.6
280,280,280,63760,ZCTA5 63760,22.2,57083,0,649,20.8
281,281,281,63763,ZCTA5 63763,19.1,-,0,141,25.5
282,282,282,63764,ZCTA5 63764,26.7,37938,3.764409222,5552,19.6
283,283,283,63766,ZCTA5 63766,23.2,42500,1.326259947,1131,20.3
284,284,284,63767,ZCTA5 63767,19.8,33333,15.30612245,784,19.5
285,285,285,63769,ZCTA5 63769,16.1,56250,0.346260388,1444,14.8
286,286,286,63770,ZCTA5 63770,19.7,65000,0,132,17.4
287,287,287,63771,ZCTA5 63771,25.2,45288,7.92903693,2762,18.5
288,288,288,63774,ZCTA5 63774,0,35500,0,172,0
289,289,289,63775,ZCTA5 63775,19.5,54123,2.85697137,16661,17.2
290,290,290,63780,ZCTA5 63780,20.2,44366,2.938503484,6602,16.6
291,291,291,63781,ZCTA5 63781,20.6,61250,0,1185,19.7
292,292,292,63782,ZCTA5 63782,40.6,32727,0,256,32.8
293,293,293,63783,ZCTA5 63783,14,90682,0,164,14
294,294,294,63784,ZCTA5 63784,29.5,40417,15.6626506,166,28.9
295,295,295,63785,ZCTA5 63785,31.9,43750,3.351351351,925,24.5
296,296,296,63787,ZCTA5 63787,18.2,34773,0,831,9.1
297,297,297,63801,ZCTA5 63801,21.7,40634,22.45768187,23217,17.7
298,298,298,63820,ZCTA5 63820,27.8,29375,3.472222222,144,27.1
299,299,299,63821,ZCTA5 63821,20.7,19250,7.725321888,932,17.7
300,300,300,63822,ZCTA5 63822,23.7,38958,3.560830861,2696,20.1
301,301,301,63823,ZCTA5 63823,39.6,35260,3.906899418,1203,32.8
302,302,302,63824,ZCTA5 63824,22.4,26250,0,134,10.4
303,303,303,63825,ZCTA5 63825,22.2,41123,0.62878435,4294,18.7
304,304,304,63826,ZCTA5 63826,27.4,14688,6.849315068,73,9.6
305,305,305,63827,ZCTA5 63827,20.3,46587,3.444180523,842,15.8
306,306,306,63828,ZCTA5 63828,16,31125,0,244,10.7
307,307,307,63829,ZCTA5 63829,24.2,32500,5.263157895,1064,19.5
308,308,308,63830,ZCTA5 63830,22.9,30068,30.60442679,7048,15.9
309,309,309,63833,ZCTA5 63833,36.2,33750,27.5862069,116,33.6
310,310,310,63834,ZCTA5 63834,20.4,32127,47.29768786,6920,14.5
311,311,311,63837,ZCTA5 63837,23.3,29960,21.67878387,1513,14.7
312,312,312,63839,ZCTA5 63839,13,41316,3.307888041,393,7.6
313,313,313,63841,ZCTA5 63841,22.9,39678,2.843531338,13434,19.6
314,314,314,63845,ZCTA5 63845,21.8,31583,5.43302851,5577,15.6
315,315,315,63846,ZCTA5 63846,20,35035,9.71563981,1688,15.9
316,316,316,63847,ZCTA5 63847,20.3,23036,0,172,0
317,317,317,63848,ZCTA5 63848,24.1,34000,4.087013843,1517,21.5
318,318,318,63849,ZCTA5 63849,74.5,38750,13.63636364,110,51.8
319,319,319,63851,ZCTA5 63851,22.3,24574,53.1995937,3938,16.8
320,320,320,63852,ZCTA5 63852,23.8,31000,6.622516556,1208,17.5
321,321,321,63853,ZCTA5 63853,31.5,29453,25.46296296,216,17.1
322,322,322,63855,ZCTA5 63855,16.9,51250,8.25617284,1296,14.6
323,323,323,63857,ZCTA5 63857,21.5,33378,16.43451809,12492,17.2
324,324,324,63860,ZCTA5 63860,29.2,23125,0,171,29.2
325,325,325,63862,ZCTA5 63862,20.7,25500,36.52439024,1640,14.9
326,326,326,63863,ZCTA5 63863,20.4,31565,27.88713911,6096,16.1
327,327,327,63866,ZCTA5 63866,27.1,25208,28.5198556,277,22.7
328,328,328,63867,ZCTA5 63867,27.8,34922,4.806786051,1061,23.4
329,329,329,63868,ZCTA5 63868,31,26518,1.664145234,661,13.5
330,330,330,63869,ZCTA5 63869,23.9,36595,29.65440357,3588,18.6
331,331,331,63870,ZCTA5 63870,21.9,24706,19.26514399,1007,14.5
332,332,332,63873,ZCTA5 63873,21.3,34936,22.02643172,4767,15.4
333,333,333,63874,ZCTA5 63874,21.3,40455,1.587301587,441,18.8
334,334,334,63876,ZCTA5 63876,19.7,29107,13.89802632,2432,18.3
335,335,335,63877,ZCTA5 63877,19.2,38102,18.39142091,3730,14.5
336,336,336,63878,ZCTA5 63878,16.1,31875,1.785714286,112,7.1
337,337,337,63879,ZCTA5 63879,21.1,32857,21.46341463,615,17.6
338,338,338,63880,ZCTA5 63880,19.3,19145,0,114,13.2
339,339,339,63882,ZCTA5 63882,34.7,36875,24,400,27.8
340,340,340,63901,ZCTA5 63901,23.3,37052,10.31737036,35290,18.2
341,341,341,63902,ZCTA5 63902,-,-,#DIV/0!,0,-
342,342,342,63932,ZCTA5 63932,21.2,34375,9.836065574,1281,16.2
343,343,343,63933,ZCTA5 63933,26.6,31683,1.274944568,3608,22.6
344,344,344,63934,ZCTA5 63934,0,-,0,68,0
345,345,345,63935,ZCTA5 63935,27.3,32536,2.375588777,9766,21.2
346,346,346,63936,ZCTA5 63936,22.7,40208,1.19047619,840,14.9
347,347,347,63937,ZCTA5 63937,24,35285,6.104868914,2670,16.6
348,348,348,63939,ZCTA5 63939,16.2,30192,7.356154406,1373,11.1
349,349,349,63940,ZCTA5 63940,25.6,51290,0,1301,21.3
350,350,350,63941,ZCTA5 63941,56.7,35641,2.222222222,180,42.8
351,351,351,63942,ZCTA5 63942,26,41875,0,650,17.1
352,352,352,63943,ZCTA5 63943,39.3,28550,0.334448161,598,27.4
353,353,353,63944,ZCTA5 63944,26.3,28095,3.895348837,1720,24.1
354,354,354,63945,ZCTA5 63945,11.7,44738,0,1209,2.7
355,355,355,63951,ZCTA5 63951,22.2,-,0,158,18.4
356,356,356,63952,ZCTA5 63952,25.3,36638,12.12121212,495,20.2
357,357,357,63953,ZCTA5 63953,16.9,34957,7.585139319,1938,15
358,358,358,63954,ZCTA5 63954,18.8,26905,9.01378579,943,9.7
359,359,359,63955,ZCTA5 63955,39.7,35060,2.739726027,146,34.2
360,360,360,63956,ZCTA5 63956,26.9,41217,5.929380413,1501,17.6
361,361,361,63957,ZCTA5 63957,29,30882,2.499113789,5642,22.7
362,362,362,63960,ZCTA5 63960,25.8,43211,0.481231954,3117,20.9
363,363,363,63961,ZCTA5 63961,25.4,45568,6.685878963,1735,21.8
364,364,364,63962,ZCTA5 63962,0,-,0,65,0
365,365,365,63964,ZCTA5 63964,23.6,24130,0,787,27.2
366,366,366,63965,ZCTA5 63965,22.2,48082,3.644444444,3375,19.4
367,367,367,63966,ZCTA5 63966,37.3,39600,1.607142857,2240,28.7
368,368,368,63967,ZCTA5 63967,23.4,42792,2.577319588,1746,17.1
369,369,369,64001,ZCTA5 64001,24.9,57188,2.280130293,614,23.3
370,370,370,64011,ZCTA5 64011,18.4,53839,5.485986881,3354,14.4
371,371,371,64012,ZCTA5 64012,16.4,63307,10.3803165,27109,15.3
372,372,372,64014,ZCTA5 64014,14.6,71503,15.82947919,24865,12.2
373,373,373,64015,ZCTA5 64015,16.2,66222,14.27160651,31391,14.2
374,374,374,64016,ZCTA5 64016,15.5,57192,4.413347686,4645,12.7
375,375,375,64017,ZCTA5 64017,31.6,71250,0,525,31.2
376,376,376,64018,ZCTA5 64018,18.3,85658,1.666666667,960,17.5
377,377,377,64019,ZCTA5 64019,17.7,63611,3.485447359,2783,14
378,378,378,64020,ZCTA5 64020,21,60958,1.6930639,3662,21.1
379,379,379,64021,ZCTA5 64021,24.9,46731,2.077562327,722,17.3
380,380,380,64022,ZCTA5 64022,26.2,45000,0,172,22.1
381,381,381,64024,ZCTA5 64024,17.1,55441,6.831752722,17082,16
382,382,382,64029,ZCTA5 64029,12.1,70814,8.145541239,17617,10.8
383,383,383,64030,ZCTA5 64030,13,44631,50.99004008,25201,11.2
384,384,384,64034,ZCTA5 64034,13,95162,5.859694175,8567,12
385,385,385,64035,ZCTA5 64035,7.4,60089,1.82767624,1149,6.5
386,386,386,64036,ZCTA5 64036,24.6,31667,5.526315789,380,18.7
387,387,387,64037,ZCTA5 64037,24.2,54190,7.680773076,6002,20.1
388,388,388,64040,ZCTA5 64040,18.2,51969,3.582671264,6671,15.3
389,389,389,64048,ZCTA5 64048,25.9,72353,1.100025582,3909,21.8
390,390,390,64050,ZCTA5 64050,20.1,35393,18.19567752,22302,17.7
391,391,391,64052,ZCTA5 64052,18.3,41777,24.46014529,20098,15.5
392,392,392,64053,ZCTA5 64053,15.3,30484,16.54330126,5404,11.5
393,393,393,64054,ZCTA5 64054,16.5,37608,7.673060884,3597,13.8
394,394,394,64055,ZCTA5 64055,25.7,49344,15.57990222,33954,22.8
395,395,395,64056,ZCTA5 64056,14,55203,20.20543948,17134,10.4
396,396,396,64057,ZCTA5 64057,19.6,59418,16.92768623,14686,19.7
397,397,397,64058,ZCTA5 64058,14.4,61277,12.09107941,6939,13.5
398,398,398,64060,ZCTA5 64060,16,81204,5.2004111,14595,15.6
399,399,399,64061,ZCTA5 64061,20.2,65063,9.015852048,3028,18.8
400,400,400,64062,ZCTA5 64062,16.8,65924,2.499537123,5401,14.4
401,401,401,64063,ZCTA5 64063,13.9,65542,13.26655865,20367,12
402,402,402,64064,ZCTA5 64064,15.2,92060,11.91399567,17534,15.8
403,403,403,64065,ZCTA5 64065,11.4,48125,13.63636364,44,9.1
404,404,404,64066,ZCTA5 64066,11.1,-,2.777777778,36,11.1
405,405,405,64067,ZCTA5 64067,29.7,43243,11.48485412,5381,21
406,406,406,64068,ZCTA5 64068,16.4,69996,8.445687449,37901,14.2
407,407,407,64070,ZCTA5 64070,18.8,79653,4.365201353,3253,17.1
408,408,408,64071,ZCTA5 64071,27.5,48313,15.46242775,692,15.5
409,409,409,64072,ZCTA5 64072,35.6,45577,6.58436214,486,31.5
410,410,410,64074,ZCTA5 64074,27.9,61750,4.204204204,666,26.3
411,411,411,64075,ZCTA5 64075,16.1,62824,3.891857405,12539,13.8
412,412,412,64076,ZCTA5 64076,20.3,51916,2.893531449,8951,15.4
413,413,413,64077,ZCTA5 64077,18.6,68784,3.757961783,1570,15.7
414,414,414,64078,ZCTA5 64078,14.6,63826,5.082019942,9327,12.7
415,415,415,64079,ZCTA5 64079,11.6,85022,8.967129693,14542,10.3
416,416,416,64080,ZCTA5 64080,13.8,70546,7.088432233,12993,14
417,417,417,64081,ZCTA5 64081,18.8,83140,14.88483448,24226,19.2
418,418,418,64082,ZCTA5 64082,11.7,111855,15.70637816,15898,10.8
419,419,419,64083,ZCTA5 64083,17.4,78337,12.00998974,22423,16.3
420,420,420,64084,ZCTA5 64084,20.3,68036,6.200527704,1516,22.2
421,421,421,64085,ZCTA5 64085,22.2,46944,6.164545026,8484,20.2
422,422,422,64086,ZCTA5 64086,11.9,81941,14.92800211,22709,10.5
423,423,423,64088,ZCTA5 64088,27.1,65655,2.588757396,1352,23.6
424,424,424,64089,ZCTA5 64089,12,78000,7.797799394,12542,11.7
425,425,425,64090,ZCTA5 64090,16.4,40417,2.727272727,110,5.5
426,426,426,64092,ZCTA5 64092,-,-,#DIV/0!,0,-
427,427,427,64093,ZCTA5 64093,12.6,47338,12.44843049,27875,11.5
428,428,428,64096,ZCTA5 64096,19.1,43472,10.5081826,1161,15.8
429,429,429,64097,ZCTA5 64097,24.7,49219,2.362804878,1312,22
430,430,430,64098,ZCTA5 64098,23.2,66406,6.091205212,3070,21.6
431,431,431,64101,ZCTA5 64101,0,-,50.89605735,279,0
432,432,432,64102,ZCTA5 64102,-,-,#DIV/0!,0,-
433,433,433,64105,ZCTA5 64105,7.2,58100,21.69066419,4306,6.6
434,434,434,64106,ZCTA5 64106,9.8,30595,58.60042735,9360,4.9
435,435,435,64108,ZCTA5 64108,17.5,44206,38.72647177,7491,12.6
436,436,436,64109,ZCTA5 64109,16,28750,60.58989987,9188,11.1
437,437,437,64110,ZCTA5 64110,13,40828,49.1489997,16745,10.4
438,438,438,64111,ZCTA5 64111,11.3,45026,22.41062191,17398,10
439,439,439,64112,ZCTA5 64112,14.9,71743,11.99126236,8698,15.2
440,440,440,64113,ZCTA5 64113,14.7,124462,6.848184818,12120,14.7
441,441,441,64114,ZCTA5 64114,18.7,60769,18.8085622,24760,17.8
442,442,442,64116,ZCTA5 64116,20.8,44905,19.5875618,15372,17.8
443,443,443,64117,ZCTA5 64117,14.6,46814,24.65835611,15001,11.6
444,444,444,64118,ZCTA5 64118,16,52940,21.0528793,42493,14.1
445,445,445,64119,ZCTA5 64119,16.7,66776,14.16325009,26830,15.1
446,446,446,64120,ZCTA5 64120,18.9,28864,13.13131313,297,11.8
447,447,447,64123,ZCTA5 64123,11.5,34947,49.37340579,9017,10.4
448,448,448,64124,ZCTA5 64124,10.9,26043,57.57546991,10534,7.9
449,449,449,64125,ZCTA5 64125,13.2,23355,31.11739745,1414,8.8
450,450,450,64126,ZCTA5 64126,12.2,20373,59.15536375,6488,6.8
451,451,451,64127,ZCTA5 64127,16.9,22989,76.11341538,14707,11.9
452,452,452,64128,ZCTA5 64128,19.9,25614,87.82349038,12056,13.6
453,453,453,64129,ZCTA5 64129,15.6,36347,48.98853675,8898,12.6
454,454,454,64130,ZCTA5 64130,21.8,29710,91.7585951,20215,18
455,455,455,64131,ZCTA5 64131,15.3,45433,47.21814543,22485,13.5
456,456,456,64132,ZCTA5 64132,16,32716,85.53267929,14474,11.2
457,457,457,64133,ZCTA5 64133,18.3,48309,38.43582888,34408,16.9
458,458,458,64134,ZCTA5 64134,15.2,41296,71.06058063,23836,10
459,459,459,64136,ZCTA5 64136,27.5,46493,33.37856174,2211,17.4
460,460,460,64137,ZCTA5 64137,12.4,43173,43.14036479,11349,12.4
461,461,461,64138,ZCTA5 64138,15.4,46705,56.95676798,26485,14
462,462,462,64139,ZCTA5 64139,12.1,105063,22.44155844,1925,15.2
463,463,463,64145,ZCTA5 64145,32.1,70597,17.41679274,5288,33.8
464,464,464,64146,ZCTA5 64146,19.1,57450,19.37738247,1574,19.1
465,465,465,64147,ZCTA5 64147,9.4,7394,70.625,640,0
466,466,466,64149,ZCTA5 64149,25.3,117500,0,320,23.8
467,467,467,64150,ZCTA5 64150,15.9,34282,28.41013122,3277,14.5
468,468,468,64151,ZCTA5 64151,13.2,70268,18.93753827,26128,12.6
469,469,469,64152,ZCTA5 64152,14.4,84967,9.859752005,28307,13
470,470,470,64153,ZCTA5 64153,14.1,75699,14.89875534,5383,12.2
471,471,471,64154,ZCTA5 64154,17.2,66952,21.25369153,10497,17
472,472,472,64155,ZCTA5 64155,12.6,79787,14.01246322,23108,11.8
473,473,473,64156,ZCTA5 64156,7.3,108333,10.82474227,7372,5.8
474,474,474,64157,ZCTA5 64157,5.9,106587,14.11585366,19680,5.5
475,475,475,64158,ZCTA5 64158,8.4,72667,18.80733945,4796,7.1
476,476,476,64161,ZCTA5 64161,22,75625,8.791208791,273,20.1
477,477,477,64163,ZCTA5 64163,18.8,43250,26.62889518,706,11.8
478,478,478,64164,ZCTA5 64164,32.4,-,0,259,32.4
479,479,479,64165,ZCTA5 64165,0,108750,0,197,0
480,480,480,64166,ZCTA5 64166,36.9,76667,0,225,30.7
481,481,481,64167,ZCTA5 64167,12.6,156250,0,477,9
482,482,482,64192,ZCTA5 64192,-,-,#DIV/0!,0,-
483,483,483,64401,ZCTA5 64401,16.1,72888,6.777713957,1741,13.6
484,484,484,64402,ZCTA5 64402,21.6,42667,4.446091145,2699,17.9
485,485,485,64420,ZCTA5 64420,32.3,53750,0,62,22.6
486,486,486,64421,ZCTA5 64421,22.6,39219,3.96039604,808,21.4
487,487,487,64422,ZCTA5 64422,6.8,74044,0,427,4.9
488,488,488,64423,ZCTA5 64423,14.7,56429,4.118404118,777,12.7
489,489,489,64424,ZCTA5 64424,21.6,46683,4.483516484,4550,19.9
490,490,490,64426,ZCTA5 64426,32.5,40313,0.840336134,357,31.4
491,491,491,64427,ZCTA5 64427,12.1,58333,2.152080344,697,10.8
492,492,492,64428,ZCTA5 64428,20.7,44167,3.333333333,810,18.6
493,493,493,64429,ZCTA5 64429,17.3,48562,14.83117703,12676,14.8
494,494,494,64430,ZCTA5 64430,34.7,57045,1.792573624,781,33.3
495,495,495,64431,ZCTA5 64431,35,47500,3.107344633,354,31.9
496,496,496,64432,ZCTA5 64432,31.1,46875,27.71084337,166,31.9
497,497,497,64433,ZCTA5 64433,15.4,44792,13.2780083,241,10.4
498,498,498,64434,ZCTA5 64434,15.8,51750,2.89532294,449,13.6
499,499,499,64436,ZCTA5 64436,16.3,89375,1.395348837,860,15.8
500,500,500,64437,ZCTA5 64437,32.4,35000,2.214650767,587,26.2
501,501,501,64438,ZCTA5 64438,42.8,38875,7.831325301,166,28.3
502,502,502,64439,ZCTA5 64439,18.3,68958,12.52796421,1788,16.8
503,503,503,64440,ZCTA5 64440,21.5,67500,4.825291181,601,19.1
504,504,504,64441,ZCTA5 64441,37.5,59135,0,176,36.4
505,505,505,64442,ZCTA5 64442,20.3,41964,0.632911392,790,17.6
506,506,506,64443,ZCTA5 64443,23.1,67609,1.737619461,1151,19.5
507,507,507,64444,ZCTA5 64444,16.3,60769,5.677785664,1409,14.3
508,508,508,64445,ZCTA5 64445,18,41827,4.347826087,345,13.6
509,509,509,64446,ZCTA5 64446,30.9,42784,2.441505595,983,27.7
510,510,510,64448,ZCTA5 64448,37.9,69318,0,856,28.6
511,511,511,64449,ZCTA5 64449,18,40735,0.17452007,573,15.7
512,512,512,64451,ZCTA5 64451,24.5,40156,2.551020408,392,22.7
513,513,513,64453,ZCTA5 64453,32,46250,0,150,33.3
514,514,514,64454,ZCTA5 64454,20.5,60078,2.792607803,2435,21
515,515,515,64455,ZCTA5 64455,32.8,50625,2.933333333,375,29.6
516,516,516,64456,ZCTA5 64456,22.7,47159,1.471618781,1427,24.2
517,517,517,64457,ZCTA5 64457,14.6,62778,0,185,9.7
518,518,518,64458,ZCTA5 64458,30.5,33750,0,128,28.1
519,519,519,64459,ZCTA5 64459,43.4,50500,0.819672131,488,40.8
520,520,520,64461,ZCTA5 64461,18.7,47847,1.689708141,651,16
521,521,521,64463,ZCTA5 64463,26.3,41475,2.935665209,1601,26
522,522,522,64465,ZCTA5 64465,18.7,61894,5.077023215,4609,15.7
523,523,523,64466,ZCTA5 64466,24,31765,0.480769231,416,20
524,524,524,64467,ZCTA5 64467,33.3,50250,0,255,33.3
525,525,525,64468,ZCTA5 64468,13.7,39011,7.360759494,15800,12.7
526,526,526,64469,ZCTA5 64469,20.4,41161,0.967458223,2274,18.9
527,527,527,64470,ZCTA5 64470,20.4,57614,4.68933177,1706,20.3
528,528,528,64471,ZCTA5 64471,22.5,42800,0.252525253,396,18.7
529,529,529,64473,ZCTA5 64473,26.1,44744,3.287070855,1369,27.6
530,530,530,64474,ZCTA5 64474,16.6,51944,3.161592506,854,14.6
531,531,531,64475,ZCTA5 64475,15.6,44167,2.229299363,314,14.6
532,532,532,64476,ZCTA5 64476,28.8,38750,0,281,24.6
533,533,533,64477,ZCTA5 64477,20.6,56250,8.581677704,3624,20.7
534,534,534,64479,ZCTA5 64479,14,52500,1.919561243,1094,12.4
535,535,535,64480,ZCTA5 64480,52.4,68750,0,233,53.6
536,536,536,64481,ZCTA5 64481,26.5,38375,1.936108422,1033,22.8
537,537,537,64482,ZCTA5 64482,26.9,46159,2.453703704,2160,25.7
538,538,538,64483,ZCTA5 64483,14.8,61688,1.136363636,704,12.8
539,539,539,64484,ZCTA5 64484,19.4,48594,2.528334786,1147,16.5
540,540,540,64485,ZCTA5 64485,18.2,47951,0.997314921,7821,17
541,541,541,64486,ZCTA5 64486,28.4,45673,4.96031746,504,25
542,542,542,64487,ZCTA5 64487,25.4,41350,1.274787535,706,21.4
543,543,543,64489,ZCTA5 64489,17.1,55461,1.634877384,2202,15.8
544,544,544,64490,ZCTA5 64490,24.5,52165,1.046255507,1816,23.6
545,545,545,64491,ZCTA5 64491,24.2,44286,2.397260274,1752,24
546,546,546,64492,ZCTA5 64492,14.8,71932,6.513614522,1873,12.1
547,547,547,64493,ZCTA5 64493,13.4,40880,2.579666161,659,11.1
548,548,548,64494,ZCTA5 64494,19.4,57188,1.401869159,856,17.2
549,549,549,64496,ZCTA5 64496,32.5,24531,0,40,25
550,550,550,64497,ZCTA5 64497,16.6,43150,0.961538462,416,13
551,551,551,64498,ZCTA5 64498,11.3,46364,0.539083558,371,11.6
552,552,552,64499,ZCTA5 64499,11,-,0,73,11
553,553,553,64501,ZCTA5 64501,16.8,31159,17.84201954,12280,9.8
554,554,554,64503,ZCTA5 64503,18.9,47069,10.91713794,12201,16
555,555,555,64504,ZCTA5 64504,17.1,47675,11.82221418,11047,13.7
556,556,556,64505,ZCTA5 64505,19.6,46225,7.874139011,12776,17.5
557,557,557,64506,ZCTA5 64506,18.6,60092,13.56651193,24988,16.8
558,558,558,64507,ZCTA5 64507,15,49555,10.98504011,13837,12.9
559,559,559,64601,ZCTA5 64601,22.4,45156,6.857428881,11987,19.2
560,560,560,64620,ZCTA5 64620,20,51250,4.19047619,525,15.4
561,561,561,64622,ZCTA5 64622,22.7,41316,0.947867299,422,21.3
562,562,562,64623,ZCTA5 64623,32.9,48750,3.414634146,410,28.8
563,563,563,64624,ZCTA5 64624,26.9,38563,3.382949932,1478,23.7
564,564,564,64625,ZCTA5 64625,27.3,31833,6.950672646,446,23.8
565,565,565,64628,ZCTA5 64628,24.3,36687,3.844208397,5931,20.4
566,566,566,64630,ZCTA5 64630,35.8,49375,2.434456929,534,32.8
567,567,567,64631,ZCTA5 64631,37,48750,1.628222524,737,30.5
568,568,568,64632,ZCTA5 64632,34.4,39196,0.717703349,418,28.5
569,569,569,64633,ZCTA5 64633,26.6,35477,5.452317746,4897,21.6
570,570,570,64635,ZCTA5 64635,19.4,52750,3.642384106,604,17.1
571,571,571,64636,ZCTA5 64636,28.3,30000,0.819672131,244,21.7
572,572,572,64637,ZCTA5 64637,28,44125,4.761904762,546,23.8
573,573,573,64638,ZCTA5 64638,29,49286,1.724137931,580,23.6
574,574,574,64639,ZCTA5 64639,30.8,33125,14.53744493,227,26.9
575,575,575,64640,ZCTA5 64640,29.8,45250,1.716443529,2913,26.9
576,576,576,64641,ZCTA5 64641,27.9,44444,0.826446281,605,24.8
577,577,577,64642,ZCTA5 64642,21.5,43958,0.795454545,880,20.5
578,578,578,64643,ZCTA5 64643,22.5,48077,1.637931034,1160,20
579,579,579,64644,ZCTA5 64644,16.5,50759,2.02661827,3306,15.2
580,580,580,64645,ZCTA5 64645,28.2,55150,1.408450704,142,21.1
581,581,581,64646,ZCTA5 64646,26.3,43125,0,175,24.6
582,582,582,64647,ZCTA5 64647,34.1,46250,0,334,28.1
583,583,583,64648,ZCTA5 64648,12.3,37375,1.222081753,2373,11.5
584,584,584,64649,ZCTA5 64649,38.9,35515,5.504587156,545,35.2
585,585,585,64650,ZCTA5 64650,26.7,38421,5.393586006,686,18.8
586,586,586,64651,ZCTA5 64651,17.3,55313,6.286549708,684,15.9
587,587,587,64652,ZCTA5 64652,25.6,41667,3.72960373,429,22.6
588,588,588,64653,ZCTA5 64653,21.2,44861,0.140449438,712,17.8
589,589,589,64654,ZCTA5 64654,38.5,52500,3.846153846,52,30.8
590,590,590,64655,ZCTA5 64655,28.4,44750,5.9375,320,26.3
591,591,591,64656,ZCTA5 64656,25.1,42159,8.710801394,287,25.1
592,592,592,64657,ZCTA5 64657,19,50764,6.048387097,248,19
593,593,593,64658,ZCTA5 64658,22.4,45993,3.696560591,3111,20.2
594,594,594,64659,ZCTA5 64659,17,57333,3.232758621,928,15.2
595,595,595,64660,ZCTA5 64660,24.8,55625,1.862197393,537,18.1
596,596,596,64661,ZCTA5 64661,25.1,36172,2.681992337,1044,22.1
597,597,597,64664,ZCTA5 64664,20.7,56736,0,508,16.5
598,598,598,64667,ZCTA5 64667,24.1,50313,20.97701149,348,22.4
599,599,599,64668,ZCTA5 64668,19.6,55805,1.825677267,1698,17.3
600,600,600,64670,ZCTA5 64670,19.4,52917,4.530477759,1214,16
601,601,601,64671,ZCTA5 64671,22.1,52596,6.104218362,2015,17.5
602,602,602,64672,ZCTA5 64672,21.9,-,2.739726027,219,22.8
603,603,603,64673,ZCTA5 64673,19.2,46176,3.728813559,2360,19.4
604,604,604,64674,ZCTA5 64674,19.1,44375,3.696098563,487,15.2
605,605,605,64676,ZCTA5 64676,19.7,69250,1.384083045,289,11.8
606,606,606,64679,ZCTA5 64679,16.7,42250,3.011292346,797,14.6
607,607,607,64681,ZCTA5 64681,33.3,-,1.041666667,192,31.3
608,608,608,64682,ZCTA5 64682,23.7,57875,0,359,19.2
609,609,609,64683,ZCTA5 64683,23.1,40995,4.111275234,8124,21.3
610,610,610,64686,ZCTA5 64686,14.1,34271,0,205,11.7
611,611,611,64688,ZCTA5 64688,18.7,51422,0,508,13.8
612,612,612,64689,ZCTA5 64689,24.7,46691,8.695652174,598,22.9
613,613,613,64701,ZCTA5 64701,18,50570,5.464098074,14275,16.6
614,614,614,64720,ZCTA5 64720,23.1,46638,2.2215973,3556,20.7
615,615,615,64722,ZCTA5 64722,20.8,58571,1.4571949,549,16.4
616,616,616,64723,ZCTA5 64723,24.6,45625,1.694915254,708,20.8
617,617,617,64724,ZCTA5 64724,21.5,41397,5.151515152,1980,19.6
618,618,618,64725,ZCTA5 64725,21.3,58264,7.48168145,2593,18.9
619,619,619,64726,ZCTA5 64726,33,40795,10.33519553,358,22.9
620,620,620,64728,ZCTA5 64728,19.6,50114,1.256732496,557,17.1
621,621,621,64730,ZCTA5 64730,22.3,39383,5.198963257,6559,19.7
622,622,622,64733,ZCTA5 64733,20.5,49453,2.277736958,1361,15.7
623,623,623,64734,ZCTA5 64734,15.8,80227,1.975903614,2075,13.8
624,624,624,64735,ZCTA5 64735,25.6,41262,4.122550124,13317,21.6
625,625,625,64738,ZCTA5 64738,38.8,36006,1.390498262,863,28.9
626,626,626,64739,ZCTA5 64739,21,43438,3.266331658,796,17.2
627,627,627,64740,ZCTA5 64740,30.2,36538,5.69292697,1739,23.2
628,628,628,64741,ZCTA5 64741,16.5,67826,0,249,14.1
629,629,629,64742,ZCTA5 64742,18.6,60324,3.718459495,2259,16.6
630,630,630,64743,ZCTA5 64743,21.4,-,1.785714286,168,16.1
631,631,631,64744,ZCTA5 64744,26.8,29739,4.818345787,7762,23
632,632,632,64745,ZCTA5 64745,13.5,112059,13.54166667,192,12.5
633,633,633,64746,ZCTA5 64746,18.2,59125,3.045325779,1412,15.6
634,634,634,64747,ZCTA5 64747,22.2,48537,6.775510204,3675,18.2
635,635,635,64748,ZCTA5 64748,28.8,44038,9.87654321,1296,21.2
636,636,636,64750,ZCTA5 64750,4.3,33036,1.690821256,414,5.3
637,637,637,64752,ZCTA5 64752,22.8,48542,2.933333333,750,21.2
638,638,638,64755,ZCTA5 64755,18.5,56047,4.311251314,2853,14.8
639,639,639,64756,ZCTA5 64756,33.3,57500,4.317789292,579,23
640,640,640,64759,ZCTA5 64759,21.1,40218,4.329004329,8316,18.9
641,641,641,64761,ZCTA5 64761,19.8,51750,2.343159486,1323,16.9
642,642,642,64762,ZCTA5 64762,25.8,37500,7.005494505,1456,19.6
643,643,643,64763,ZCTA5 64763,32.9,31542,2.478314746,1614,29.3
644,644,644,64765,ZCTA5 64765,50,-,39.28571429,28,42.9
645,645,645,64767,ZCTA5 64767,17.7,48438,15.4589372,621,14.5
646,646,646,64769,ZCTA5 64769,17.8,40750,15.89147287,516,13.4
647,647,647,64770,ZCTA5 64770,24.6,50536,3.172978506,977,21.8
648,648,648,64771,ZCTA5 64771,36.5,31953,3.773584906,477,35.6
649,649,649,64772,ZCTA5 64772,20.4,41680,4.630698211,13864,16.7
650,650,650,64776,ZCTA5 64776,32.6,33565,7.044854881,3790,25.6
651,651,651,64778,ZCTA5 64778,18.2,35972,0,627,16.7
652,652,652,64779,ZCTA5 64779,23.2,41395,4.622963244,2639,17.9
653,653,653,64780,ZCTA5 64780,37.2,45089,7.01754386,513,34.5
654,654,654,64781,ZCTA5 64781,42.3,44722,0,71,38
655,655,655,64783,ZCTA5 64783,25,34028,1.126126126,888,20.3
656,656,656,64784,ZCTA5 64784,21.9,42212,1.193317422,1257,15.8
657,657,657,64788,ZCTA5 64788,17.9,39250,3.177458034,1668,14.7
658,658,658,64790,ZCTA5 64790,17.8,47917,3.037383178,856,16.6
659,659,659,64801,ZCTA5 64801,17.1,40866,10.77852242,37751,14.2
660,660,660,64804,ZCTA5 64804,19.8,48574,10.42622028,35545,17.5
661,661,661,64830,ZCTA5 64830,22.9,43179,8.552631579,608,16.9
662,662,662,64831,ZCTA5 64831,17.3,50068,10.8668143,6322,16.3
663,663,663,64832,ZCTA5 64832,26.2,49352,8.092485549,692,24.4
664,664,664,64833,ZCTA5 64833,33.3,38333,0,84,28.6
665,665,665,64834,ZCTA5 64834,15.3,67513,6.391731888,9966,13.9
666,666,666,64835,ZCTA5 64835,15.5,41375,11.82676291,1801,12.4
667,667,667,64836,ZCTA5 64836,18.3,43175,8.381290295,23111,16.3
668,668,668,64840,ZCTA5 64840,13.6,59774,2.182284981,3116,11.4
669,669,669,64841,ZCTA5 64841,21.4,58214,4.621072089,541,21.4
670,670,670,64842,ZCTA5 64842,16.5,43646,13.68563686,738,12.9
671,671,671,64843,ZCTA5 64843,25.8,45508,7.567567568,2775,19.4
672,672,672,64844,ZCTA5 64844,19.4,41886,6.613065327,4975,16
673,673,673,64847,ZCTA5 64847,17.2,22292,21.47239264,489,8.6
674,674,674,64848,ZCTA5 64848,19.5,44924,0,677,15.8
675,675,675,64849,ZCTA5 64849,10.2,67750,6.369426752,157,8.9
676,676,676,64850,ZCTA5 64850,16.3,42015,12.03621815,23745,15.1
677,677,677,64854,ZCTA5 64854,13.9,35806,24.17012448,3856,9.4
678,678,678,64855,ZCTA5 64855,9.4,63750,4.767353166,2622,7.8
679,679,679,64856,ZCTA5 64856,23.2,38105,7.671300894,4028,18.7
680,680,680,64857,ZCTA5 64857,12,50208,8.728179551,401,8.5
681,681,681,64858,ZCTA5 64858,49.1,-,0,106,49.1
682,682,682,64859,ZCTA5 64859,13.5,59091,25.69832402,1611,11
683,683,683,64861,ZCTA5 64861,21.4,43092,3.469501959,1787,14.7
684,684,684,64862,ZCTA5 64862,24,41144,1.381867206,2967,19.9
685,685,685,64863,ZCTA5 64863,9.3,34417,12.86721504,1702,6.9
686,686,686,64865,ZCTA5 64865,18.5,44194,10.01296176,6172,16.3
687,687,687,64866,ZCTA5 64866,13.3,47115,5.896805897,1628,12.1
688,688,688,64867,ZCTA5 64867,10.7,43452,14.42176871,1470,8.7
689,689,689,64870,ZCTA5 64870,16.5,50147,8.838519313,14912,13.3
690,690,690,64873,ZCTA5 64873,33.7,46818,0.36199095,1105,31
691,691,691,64874,ZCTA5 64874,24.6,30855,13.23345818,801,18.1
692,692,692,65001,ZCTA5 65001,41.9,48333,0,279,32.3
693,693,693,65010,ZCTA5 65010,15.4,64293,5.06487416,6397,13.6
694,694,694,65011,ZCTA5 65011,16.3,29924,0.66716086,2698,17.6
695,695,695,65013,ZCTA5 65013,26.1,29836,1.478318003,3044,18
696,696,696,65014,ZCTA5 65014,28.1,37649,2.497598463,2082,21.7
697,697,697,65016,ZCTA5 65016,16.3,55000,0,1486,16.3
698,698,698,65017,ZCTA5 65017,17,43841,1.52817574,1047,13.4
699,699,699,65018,ZCTA5 65018,18.6,50968,4.416068103,7518,17.1
700,700,700,65020,ZCTA5 65020,26.5,51312,4.689251463,16058,23.1
701,701,701,65023,ZCTA5 65023,15.2,66547,6.19612069,1856,13.7
702,702,702,65024,ZCTA5 65024,18.1,55729,0.552050473,1268,16.6
703,703,703,65025,ZCTA5 65025,19.1,43125,3.064066852,718,15.5
704,704,704,65026,ZCTA5 65026,21.3,38479,4.66294547,11645,17.8
705,705,705,65032,ZCTA5 65032,14.1,64784,3.451676529,2028,12
706,706,706,65034,ZCTA5 65034,6,48824,6.315789474,950,11.5
707,707,707,65035,ZCTA5 65035,16.3,64420,0.596421471,2012,13.5
708,708,708,65037,ZCTA5 65037,41.1,33721,2.197802198,4550,39
709,709,709,65039,ZCTA5 65039,20.2,71555,5.954974582,2754,19.3
710,710,710,65040,ZCTA5 65040,8,51538,2.679169457,1493,5.8
711,711,711,65041,ZCTA5 65041,26.2,55395,3.150315032,5555,24.9
712,712,712,65043,ZCTA5 65043,20.1,56964,7.290167866,10425,16.9
713,713,713,65046,ZCTA5 65046,26.3,54464,9.557661927,1266,21.4
714,714,714,65047,ZCTA5 65047,31,38050,1.264044944,712,29.8
715,715,715,65048,ZCTA5 65048,13.5,-,0,267,13.5
716,716,716,65049,ZCTA5 65049,26.9,51080,3.835657975,6596,24.9
717,717,717,65050,ZCTA5 65050,9.3,52356,7.555089192,953,8.2
718,718,718,65051,ZCTA5 65051,17.4,45459,4.069407147,4841,16.2
719,719,719,65052,ZCTA5 65052,24.4,61964,3.08891455,3464,24.3
720,720,720,65053,ZCTA5 65053,14.8,73493,4.017576899,1593,14.4
721,721,721,65054,ZCTA5 65054,18.2,83457,0,786,19.5
722,722,722,65058,ZCTA5 65058,23.9,46058,1.749663526,743,19.9
723,723,723,65059,ZCTA5 65059,25.9,67386,8.926780341,997,18.7
724,724,724,65061,ZCTA5 65061,22.5,36750,3.918722787,689,18.4
725,725,725,65062,ZCTA5 65062,0,-,0,40,0
726,726,726,65063,ZCTA5 65063,12.6,75994,3.545385969,3977,11
727,727,727,65064,ZCTA5 65064,26.1,48750,6.415929204,452,24.3
728,728,728,65065,ZCTA5 65065,32.3,54204,5.587697929,6568,29.6
729,729,729,65066,ZCTA5 65066,22.4,51875,0.442967885,6321,21.7
730,730,730,65067,ZCTA5 65067,10.5,70278,0,324,5.9
731,731,731,65068,ZCTA5 65068,16.7,54485,4.788418708,898,14
732,732,732,65069,ZCTA5 65069,12.1,48000,0.74906367,801,8.4
733,733,733,65072,ZCTA5 65072,40.1,52151,6.642402184,1099,34.8
734,734,734,65074,ZCTA5 65074,21.4,50881,1.879555044,2607,19.2
735,735,735,65075,ZCTA5 65075,13.4,68553,0.994035785,1006,13.6
736,736,736,65076,ZCTA5 65076,14.1,59519,1.414427157,707,12.9
737,737,737,65077,ZCTA5 65077,12.5,66328,3.086419753,648,10.8
738,738,738,65078,ZCTA5 65078,25,30963,3.031784841,4090,19.6
739,739,739,65079,ZCTA5 65079,43.3,51104,1.860841424,3708,38.2
740,740,740,65080,ZCTA5 65080,20.1,52610,3.653444676,958,18.4
741,741,741,65081,ZCTA5 65081,23.9,48561,10.93050648,4245,15.1
742,742,742,65082,ZCTA5 65082,23.3,51146,3.66726297,1118,24.4
743,743,743,65083,ZCTA5 65083,0,51573,0,307,0
744,744,744,65084,ZCTA5 65084,22.7,35686,6.292749658,6579,17.3
745,745,745,65085,ZCTA5 65085,13.3,75098,0.424448217,1178,16.3
746,746,746,65101,ZCTA5 65101,15.3,52761,22.72187397,30310,12.3
747,747,747,65109,ZCTA5 65109,18.1,55096,14.73867685,39013,16.5
748,748,748,65201,ZCTA5 65201,7.8,35396,22.31694632,44222,6.9
749,749,749,65202,ZCTA5 65202,12.3,50647,21.08095847,48494,10.2
750,750,750,65203,ZCTA5 65203,13.9,61559,20.23935607,56652,12.5
751,751,751,65215,ZCTA5 65215,0,-,10.89494163,257,0
752,752,752,65230,ZCTA5 65230,22.2,55250,7.196029777,806,20.1
753,753,753,65231,ZCTA5 65231,22.2,50948,2.364972835,3129,20
754,754,754,65232,ZCTA5 65232,28.3,46563,0,272,18.4
755,755,755,65233,ZCTA5 65233,19.1,45381,14.85417907,11761,16
756,756,756,65236,ZCTA5 65236,27.6,40833,10.05878511,1531,25.6
757,757,757,65237,ZCTA5 65237,23.3,45625,2.165605096,785,18.6
758,758,758,65239,ZCTA5 65239,17.5,45703,1.211631664,1238,17
759,759,759,65240,ZCTA5 65240,18.3,54688,2.604867311,8177,16.9
760,760,760,65243,ZCTA5 65243,13.5,57083,3.288201161,2585,13.4
761,761,761,65244,ZCTA5 65244,29.3,35156,8.417508418,297,27.9
762,762,762,65246,ZCTA5 65246,19.4,50694,3.883495146,103,19.4
763,763,763,65247,ZCTA5 65247,32.9,31786,1.848428835,541,31.1
764,764,764,65248,ZCTA5 65248,20.1,46860,11.29105839,4384,18
765,765,765,65250,ZCTA5 65250,26,52000,3.03514377,626,19.6
766,766,766,65251,ZCTA5 65251,19,48726,11.78005592,21460,14.2
767,767,767,65254,ZCTA5 65254,19.7,57188,6.170321265,1961,18.5
768,768,768,65255,ZCTA5 65255,16.9,56074,5.987884436,4292,10.7
769,769,769,65256,ZCTA5 65256,16,79353,3.64422483,1619,13.8
770,770,770,65257,ZCTA5 65257,23.5,43333,0.858895706,1630,19.8
771,771,771,65258,ZCTA5 65258,21.6,58438,0,440,20.2
772,772,772,65259,ZCTA5 65259,16.8,65217,4.656463693,3071,13.9
773,773,773,65260,ZCTA5 65260,22.5,63182,2.465331279,649,17.9
774,774,774,65261,ZCTA5 65261,25.6,34402,1.25,880,22.2
775,775,775,65262,ZCTA5 65262,9.3,56484,2.233502538,985,5.9
776,776,776,65263,ZCTA5 65263,20.9,44107,1.527494908,1964,17.8
777,777,777,65264,ZCTA5 65264,21.8,61875,3.323699422,692,21
778,778,778,65265,ZCTA5 65265,21.2,43682,10.5168629,15033,17.6
779,779,779,65270,ZCTA5 65270,19.1,42907,12.43261842,17438,14.6
780,780,780,65274,ZCTA5 65274,21,41300,4.47761194,1876,17
781,781,781,65275,ZCTA5 65275,27.8,39911,8.109132247,2639,25.8
782,782,782,65276,ZCTA5 65276,21.4,45357,4.098893949,1537,22.1
783,783,783,65278,ZCTA5 65278,27.4,41000,7.534246575,146,20.5
784,784,784,65279,ZCTA5 65279,25.9,80341,0.302297461,1654,25
785,785,785,65280,ZCTA5 65280,21.2,41012,0,255,19.2
786,786,786,65281,ZCTA5 65281,26.4,38672,4.367735118,2839,23.3
787,787,787,65282,ZCTA5 65282,35.6,42188,0,118,35.6
788,788,788,65283,ZCTA5 65283,30.4,46250,1.785714286,392,22.2
789,789,789,65284,ZCTA5 65284,20.4,68977,1.403349932,2209,16.9
790,790,790,65285,ZCTA5 65285,18.5,74150,0,653,15.5
791,791,791,65286,ZCTA5 65286,54.7,40833,0,75,52
792,792,792,65287,ZCTA5 65287,17.2,63661,1.566579634,383,18
793,793,793,65301,ZCTA5 65301,19.2,41286,10.09069296,34071,15.9
794,794,794,65305,ZCTA5 65305,0.7,49767,18.39904421,4185,0
795,795,795,65320,ZCTA5 65320,42.2,63077,0,45,42.2
796,796,796,65321,ZCTA5 65321,29.3,41250,3.406813627,499,23.2
797,797,797,65322,ZCTA5 65322,23.7,47500,2.040816327,637,19.3
798,798,798,65323,ZCTA5 65323,28,40694,3.603603604,888,21.6
799,799,799,65324,ZCTA5 65324,52.6,35682,2.891933029,1314,46
800,800,800,65325,ZCTA5 65325,24.2,42361,0.267538644,3364,21.3
801,801,801,65326,ZCTA5 65326,38.1,40904,7.640638119,2382,32.3
802,802,802,65327,ZCTA5 65327,29.8,48281,2.573529412,272,27.9
803,803,803,65329,ZCTA5 65329,10.8,77228,0.806451613,372,10.8
804,804,804,65330,ZCTA5 65330,18.6,59722,0,413,17.2
805,805,805,65332,ZCTA5 65332,20.6,51711,3.375196232,1274,17.4
806,806,806,65333,ZCTA5 65333,29.1,42857,1.162790698,602,28.9
807,807,807,65334,ZCTA5 65334,17.7,51696,3.4416826,1046,13.9
808,808,808,65335,ZCTA5 65335,17.6,34355,0,272,12.1
809,809,809,65336,ZCTA5 65336,11.2,49972,17.46207917,5406,8.6
810,810,810,65337,ZCTA5 65337,11.4,47266,14.83739837,1968,10.7
811,811,811,65338,ZCTA5 65338,35.1,27103,3.333333333,2730,20
812,812,812,65339,ZCTA5 65339,17.4,45625,1.399688958,643,12.4
813,813,813,65340,ZCTA5 65340,18.7,42140,18.06557792,15798,16.1
814,814,814,65344,ZCTA5 65344,32.6,53125,7.949790795,239,27.6
815,815,815,65345,ZCTA5 65345,24.3,47255,0,610,24.3
816,816,816,65347,ZCTA5 65347,21.7,49911,4.975922953,623,19.6
817,817,817,65348,ZCTA5 65348,17.1,44821,6.324900133,1502,13.9
818,818,818,65349,ZCTA5 65349,23.8,38194,14.05384006,2526,19.9
819,819,819,65350,ZCTA5 65350,18.5,48864,4.405737705,1952,17
820,820,820,65351,ZCTA5 65351,27.2,39762,2.801003344,2392,23.2
821,821,821,65354,ZCTA5 65354,31,40000,8.769633508,764,22.4
822,822,822,65355,ZCTA5 65355,38.7,34510,3.645481724,10369,34
823,823,823,65360,ZCTA5 65360,17.4,40208,4.082941428,4678,16.6
824,824,824,65401,ZCTA5 65401,15.9,41109,10.76503736,32652,14.1
825,825,825,65436,ZCTA5 65436,36.6,70625,0,41,36.6
826,826,826,65438,ZCTA5 65438,23.7,29414,0.916380298,2619,17.8
827,827,827,65439,ZCTA5 65439,14.5,54531,0,407,8.6
828,828,828,65440,ZCTA5 65440,32.3,39750,2.743902439,328,24.7
829,829,829,65441,ZCTA5 65441,23.7,50619,2.522228271,5511,18.7
830,830,830,65443,ZCTA5 65443,0,-,0,25,0
831,831,831,65444,ZCTA5 65444,15.3,42552,5.421245421,1365,8.6
832,832,832,65446,ZCTA5 65446,11.9,-,0,311,11.9
833,833,833,65449,ZCTA5 65449,19.7,-,11.53846154,234,6
834,834,834,65452,ZCTA5 65452,21.4,40680,8.687615527,2705,17.9
835,835,835,65453,ZCTA5 65453,23.5,35481,3.082760256,8434,17.1
836,836,836,65456,ZCTA5 65456,29.1,-,0,1070,22.2
837,837,837,65457,ZCTA5 65457,14.8,-,0,155,14.8
838,838,838,65459,ZCTA5 65459,22.2,43508,6.621131865,7174,18.2
839,839,839,65461,ZCTA5 65461,27.8,41250,5.217391304,115,27.8
840,840,840,65462,ZCTA5 65462,21.8,39821,2.535023349,1499,16.9
841,841,841,65463,ZCTA5 65463,13.4,64136,0,1000,12
842,842,842,65464,ZCTA5 65464,34.9,-,21.41560799,1102,28.8
843,843,843,65466,ZCTA5 65466,28.6,30451,3.967761934,1613,23.2
844,844,844,65468,ZCTA5 65468,52.9,-,15.2866242,157,52.9
845,845,845,65470,ZCTA5 65470,23,40800,1.233396584,1054,22
846,846,846,65473,ZCTA5 65473,0.1,49685,36.40767768,16307,0
847,847,847,65479,ZCTA5 65479,34.7,23438,29.34362934,259,8.5
848,848,848,65483,ZCTA5 65483,35.6,30496,7.19273743,4296,26.7
849,849,849,65484,ZCTA5 65484,0,-,0,110,0
850,850,850,65486,ZCTA5 65486,17.2,42000,0.703164239,3982,14.9
851,851,851,65501,ZCTA5 65501,59.9,35139,0,142,59.9
852,852,852,65529,ZCTA5 65529,28.6,-,0,154,17.5
853,853,853,65534,ZCTA5 65534,18.7,69301,21.73913043,1472,17.3
854,854,854,65535,ZCTA5 65535,14.5,35298,0,1680,10.6
855,855,855,65536,ZCTA5 65536,22.1,42604,4.072229563,29517,17.3
856,856,856,65541,ZCTA5 65541,22.2,115096,4,225,18.2
857,857,857,65542,ZCTA5 65542,22.7,35992,10.213586,6227,16.6
858,858,858,65543,ZCTA5 65543,53.6,32500,0,224,47.8
859,859,859,65548,ZCTA5 65548,24.7,28250,3.525179856,5560,21.5
860,860,860,65550,ZCTA5 65550,28.2,36125,4.076003678,3263,23.7
861,861,861,65552,ZCTA5 65552,13.7,56571,5.514912774,1777,8.3
862,862,862,65555,ZCTA5 65555,22.7,35938,2.704733283,1331,18.3
863,863,863,65556,ZCTA5 65556,22.2,40570,6.620795107,6540,17.6
864,864,864,65557,ZCTA5 65557,34.7,-,0,98,24.5
865,865,865,65559,ZCTA5 65559,18.6,49146,4.871997293,8867,17.1
866,866,866,65560,ZCTA5 65560,24.5,38971,3.86919105,14525,20
867,867,867,65564,ZCTA5 65564,0,-,0,172,0
868,868,868,65565,ZCTA5 65565,27.8,35625,4.34203009,5251,21.5
869,869,869,65566,ZCTA5 65566,25.1,44531,2.207505519,906,18.8
870,870,870,65567,ZCTA5 65567,29.6,38173,0.486448923,1439,16.9
871,871,871,65570,ZCTA5 65570,22.9,41250,0.886524823,564,20.2
872,872,872,65571,ZCTA5 65571,35.8,27241,3.172475424,2238,31.9
873,873,873,65580,ZCTA5 65580,28,51458,0.745341615,805,26.6
874,874,874,65582,ZCTA5 65582,28,51250,2.021978022,2275,23.4
875,875,875,65583,ZCTA5 65583,14.4,58121,19.95881089,11168,10.2
876,876,876,65584,ZCTA5 65584,11.4,51725,32.84460053,11390,6.1
877,877,877,65586,ZCTA5 65586,100,-,0,71,100
878,878,878,65588,ZCTA5 65588,23.8,33319,6.607019959,2906,16.1
879,879,879,65589,ZCTA5 65589,19.7,38333,0,325,18.8
880,880,880,65590,ZCTA5 65590,30.9,37344,0,1071,27.5
881,881,881,65591,ZCTA5 65591,11.8,48164,0,1822,7.5
882,882,882,65601,ZCTA5 65601,20,48929,5.254515599,609,15.8
883,883,883,65603,ZCTA5 65603,34.5,41563,3,200,31
884,884,884,65604,ZCTA5 65604,19.1,48946,3.680823681,3885,17.7
885,885,885,65605,ZCTA5 65605,17.3,39349,3.258882442,12581,15
886,886,886,65606,ZCTA5 65606,28.3,31899,6.768493561,3339,25.8
887,887,887,65608,ZCTA5 65608,27.7,31913,1.166558652,9258,22.2
888,888,888,65609,ZCTA5 65609,27.9,30938,1.011378003,791,21.7
889,889,889,65610,ZCTA5 65610,21.6,54722,1.674399839,4957,19
890,890,890,65611,ZCTA5 65611,36.8,32566,4.173187272,1917,33.9
891,891,891,65612,ZCTA5 65612,16.4,53942,9.076042518,1223,13.8
892,892,892,65613,ZCTA5 65613,21.4,44853,5.204929779,17445,18.2
893,893,893,65614,ZCTA5 65614,17.2,50278,0.980392157,612,14.5
894,894,894,65616,ZCTA5 65616,23.3,44986,9.904948702,26512,20.3
895,895,895,65617,ZCTA5 65617,15,40769,0.723472669,1244,12.5
896,896,896,65618,ZCTA5 65618,22.6,-,0,319,18.8
897,897,897,65619,ZCTA5 65619,20.8,61050,8.848821082,7210,19.2
898,898,898,65620,ZCTA5 65620,15.9,-,0,245,15.9
899,899,899,65622,ZCTA5 65622,21.5,40837,4.874395022,8678,18.4
900,900,900,65623,ZCTA5 65623,0,41250,10,40,0
901,901,901,65624,ZCTA5 65624,50.4,41696,1.090604027,1192,46.9
902,902,902,65625,ZCTA5 65625,19.6,41307,7.016488145,8309,19.4
903,903,903,65626,ZCTA5 65626,23.5,35708,5.398457584,1556,19.9
904,904,904,65627,ZCTA5 65627,48.6,52375,0,471,36.3
905,905,905,65629,ZCTA5 65629,20.3,36071,1.046337818,669,17.2
906,906,906,65630,ZCTA5 65630,24,76250,14.80263158,304,21.4
907,907,907,65631,ZCTA5 65631,12.4,54701,1.713424967,5311,10.6
908,908,908,65632,ZCTA5 65632,22,43239,10.52236002,2661,16.8
909,909,909,65633,ZCTA5 65633,20.5,43140,5.470407923,4241,17.9
910,910,910,65634,ZCTA5 65634,47.2,29474,1.97740113,708,32.8
911,911,911,65635,ZCTA5 65635,27.3,54792,14.03162055,506,23.1
912,912,912,65637,ZCTA5 65637,26,33750,3.453038674,1448,21.9
913,913,913,65638,ZCTA5 65638,31.8,41094,1.066098081,469,26.2
914,914,914,65640,ZCTA5 65640,11.6,47500,13.91941392,819,9.9
915,915,915,65641,ZCTA5 65641,43.7,49107,3.174603175,945,44.3
916,916,916,65644,ZCTA5 65644,27.8,45054,4.08997955,1956,19.4
917,917,917,65646,ZCTA5 65646,23.1,49323,4.670912951,1884,20
918,918,918,65647,ZCTA5 65647,22.6,36154,9.72002113,1893,15.7
919,919,919,65648,ZCTA5 65648,13.2,55854,2.411187912,6221,11.5
920,920,920,65649,ZCTA5 65649,41.9,33906,2.78551532,1436,35.8
921,921,921,65650,ZCTA5 65650,33.9,40980,0.070372977,1421,28.6
922,922,922,65652,ZCTA5 65652,19.6,46071,5.082713977,4171,13.7
923,923,923,65653,ZCTA5 65653,29.6,34085,5.07482108,6148,25.4
924,924,924,65654,ZCTA5 65654,24.2,33500,13.48314607,178,24.2
925,925,925,65655,ZCTA5 65655,34,30176,3.046014258,3086,26.9
926,926,926,65656,ZCTA5 65656,34.4,39712,3.088566169,4889,29.8
927,927,927,65657,ZCTA5 65657,28.4,37917,0,141,19.9
928,928,928,65658,ZCTA5 65658,52.2,26944,5.161787365,1298,45.7
929,929,929,65660,ZCTA5 65660,14.8,35750,0,155,14.8
930,930,930,65661,ZCTA5 65661,30.3,36334,2.647975078,2568,25.3
931,931,931,65662,ZCTA5 65662,19.1,31944,4.114621602,1361,13.2
932,932,932,65663,ZCTA5 65663,15.5,41218,2.011793271,2883,15.3
933,933,933,65664,ZCTA5 65664,17,19432,0,159,10.7
934,934,934,65667,ZCTA5 65667,18.9,32344,4.998529844,3401,15.3
935,935,935,65668,ZCTA5 65668,39.4,36055,4.770114943,1740,38
936,936,936,65669,ZCTA5 65669,19.9,46094,2.982885086,2045,15.6
937,937,937,65672,ZCTA5 65672,20.8,38531,3.625768857,9267,19
938,938,938,65674,ZCTA5 65674,24.4,41013,2.739726027,2920,19.6
939,939,939,65676,ZCTA5 65676,48,38947,3.95480226,354,42.7
940,940,940,65679,ZCTA5 65679,13.6,48750,10.02678913,2613,11.7
941,941,941,65680,ZCTA5 65680,44.5,29383,6.82464455,1055,33.3
942,942,942,65681,ZCTA5 65681,30,56068,0.913763564,1751,29.6
943,943,943,65682,ZCTA5 65682,24.5,38920,4.871060172,2094,23.5
944,944,944,65685,ZCTA5 65685,17.8,36731,1.79028133,782,13.8
945,945,945,65686,ZCTA5 65686,42.3,52118,1.158626501,4747,41
946,946,946,65689,ZCTA5 65689,20.8,33410,7.669801463,4785,18.3
947,947,947,65690,ZCTA5 65690,47.9,28750,6.315789474,190,36.3
948,948,948,65692,ZCTA5 65692,20.4,29079,0.820895522,1340,18.8
949,949,949,65702,ZCTA5 65702,30.5,28875,0,315,28.9
950,950,950,65704,ZCTA5 65704,26.9,32857,2.847181871,3442,23
951,951,951,65705,ZCTA5 65705,21.7,41740,4.244482173,4123,19.7
952,952,952,65706,ZCTA5 65706,19.8,44420,5.374869383,15312,16.4
953,953,953,65707,ZCTA5 65707,27.7,41474,4.202077432,2118,23
954,954,954,65708,ZCTA5 65708,16.5,43685,7.437457742,13311,14.5
955,955,955,65710,ZCTA5 65710,20.2,62736,2.459791864,1057,20.4
956,956,956,65711,ZCTA5 65711,24.7,32756,2.25182366,9459,20.1
957,957,957,65712,ZCTA5 65712,23.7,41408,3.449933886,8319,22.2
958,958,958,65713,ZCTA5 65713,23.1,42604,3.864524533,2303,19.8
959,959,959,65714,ZCTA5 65714,17.5,58030,5.249814494,32344,14.6
960,960,960,65715,ZCTA5 65715,54.1,11319,0,37,48.6
961,961,961,65717,ZCTA5 65717,17.6,38194,6.514994829,2901,13.6
962,962,962,65720,ZCTA5 65720,31.6,33929,2.835051546,776,30.4
963,963,963,65721,ZCTA5 65721,16.5,56361,4.440561746,30334,14.6
964,964,964,65722,ZCTA5 65722,19.1,39139,4.019488429,1642,16.3
965,965,965,65723,ZCTA5 65723,23.2,45938,9.690157959,3292,20.4
966,966,966,65724,ZCTA5 65724,36.6,33583,1.482799526,1686,32.3
967,967,967,65725,ZCTA5 65725,18.7,52917,4.995038042,3023,15.6
968,968,968,65727,ZCTA5 65727,26.7,70078,0,195,26.7
969,969,969,65728,ZCTA5 65728,-,-,#DIV/0!,0,-
970,970,970,65729,ZCTA5 65729,13.7,-,41.42857143,350,13.7
971,971,971,65730,ZCTA5 65730,51,-,0,49,51
972,972,972,65731,ZCTA5 65731,25.8,70913,1.3671875,512,23.2
973,973,973,65732,ZCTA5 65732,21.7,48000,9.451219512,984,19
974,974,974,65733,ZCTA5 65733,50.8,29407,1.851851852,594,41.4
975,975,975,65734,ZCTA5 65734,20.6,41613,13.36492891,3165,14.4
976,976,976,65735,ZCTA5 65735,22.5,-,0,71,14.1
977,977,977,65737,ZCTA5 65737,29.4,39982,4.943007453,9124,24.2
978,978,978,65738,ZCTA5 65738,15.4,49855,5.41909902,18158,11.9
979,979,979,65739,ZCTA5 65739,35.4,39962,0.901803607,998,39.9
980,980,980,65740,ZCTA5 65740,25.4,31720,11.59239639,3209,18.6
981,981,981,65742,ZCTA5 65742,17.9,57853,2.471718581,12906,16.3
982,982,982,65744,ZCTA5 65744,28.3,44444,1.886792453,106,16
983,983,983,65745,ZCTA5 65745,18.9,30191,9.951956074,2914,14.6
984,984,984,65746,ZCTA5 65746,15.3,39542,2.667594526,8622,12
985,985,985,65747,ZCTA5 65747,40.7,38451,0.637280935,3766,35.7
986,986,986,65752,ZCTA5 65752,39.2,25156,3.731343284,268,17.5
987,987,987,65753,ZCTA5 65753,17.6,48250,6.777421182,5297,13.3
988,988,988,65754,ZCTA5 65754,15.6,61326,6.48,1250,11.4
989,989,989,65755,ZCTA5 65755,47.5,42581,5.936073059,438,42.7
990,990,990,65756,ZCTA5 65756,15,60625,5.786350148,674,13.6
991,991,991,65757,ZCTA5 65757,18.7,55122,5.156095494,7079,15.9
992,992,992,65759,ZCTA5 65759,22.6,37188,3.220973783,1335,16.9
993,993,993,65760,ZCTA5 65760,25.8,36685,0,621,23.2
994,994,994,65761,ZCTA5 65761,47,33578,1.383399209,1012,41
995,995,995,65762,ZCTA5 65762,30.3,42589,0,264,28.8
996,996,996,65764,ZCTA5 65764,20.8,36058,7.692307692,1703,16
997,997,997,65766,ZCTA5 65766,42.4,57721,0,99,38.4
998,998,998,65767,ZCTA5 65767,37.6,34525,3.509719222,1852,33.5
999,999,999,65768,ZCTA5 65768,25.3,22222,1.030927835,388,19.6
1000,1000,1000,65769,ZCTA5 65769,15.8,45750,4.334575008,2953,13.6
1001,1001,1001,65770,ZCTA5 65770,19.6,49896,2.313787639,3155,17.8
1002,1002,1002,65771,ZCTA5 65771,11,51344,6.510416667,1536,10.7
1003,1003,1003,65772,ZCTA5 65772,18.1,43289,3.738783649,2006,14.6
1004,1004,1004,65773,ZCTA5 65773,16.3,38041,0,632,10.6
1005,1005,1005,65774,ZCTA5 65774,22.7,30529,4.910292729,1059,21.8
1006,1006,1006,65775,ZCTA5 65775,23.3,36258,4.551099716,24961,19.1
1007,1007,1007,65777,ZCTA5 65777,39.1,-,6.896551724,348,29.9
1008,1008,1008,65778,ZCTA5 65778,36.9,40446,4.375,480,32.5
1009,1009,1009,65779,ZCTA5 65779,41.9,31953,2.469844917,1741,38
1010,1010,1010,65781,ZCTA5 65781,16.4,65036,4.6401296,8642,14.9
1011,1011,1011,65783,ZCTA5 65783,100,-,0,51,100
1012,1012,1012,65784,ZCTA5 65784,0,-,0,4,0
1013,1013,1013,65785,ZCTA5 65785,30.9,36715,1.746965796,5438,24.1
1014,1014,1014,65786,ZCTA5 65786,27,42444,6.396866841,2298,21.6
1015,1015,1015,65787,ZCTA5 65787,38.4,38036,1.655251142,1752,34.5
1016,1016,1016,65788,ZCTA5 65788,12.1,40833,1.837270341,381,10.5
1017,1017,1017,65789,ZCTA5 65789,24.3,42009,2.252747253,1820,19.6
1018,1018,1018,65790,ZCTA5 65790,17.8,37143,0.521920668,958,26.4
1019,1019,1019,65791,ZCTA5 65791,22.1,37423,3.921975514,4819,19.8
1020,1020,1020,65793,ZCTA5 65793,22.9,32566,2.66769468,6485,17.4
1021,1021,1021,65802,ZCTA5 65802,15.5,34649,12.09520868,45332,11.3
1022,1022,1022,65803,ZCTA5 65803,18.2,35871,9.162239875,41038,14.3
1023,1023,1023,65804,ZCTA5 65804,23.2,48214,8.113937035,38021,20.6
1024,1024,1024,65806,ZCTA5 65806,13.2,16357,19.64468739,11708,6.4
1025,1025,1025,65807,ZCTA5 65807,17.3,38862,12.27589298,58008,15.5
1026,1026,1026,65809,ZCTA5 65809,20.6,98043,3.367459176,11819,21.1
1027,1027,1027,65810,ZCTA5 65810,20.5,68597,9.17924692,23052,19.2
1028,1028,1028,72644,ZCTA5 72644,39.6,28992,3.625815809,2758,31.9
