,ZCTA,Latitude,Longitude,Radius(m),Doctor Count
0,51640,40.6261627,-95.6612343,9613.154676725771,20
1,52626,40.6280976,-91.7358776,8758.69526081807,4
2,63005,38.6442144,-90.6514068,5609.200277269741,20
3,63010,38.4290787,-90.3954521,4270.131470632588,20
4,63011,38.6041904,-90.5596912,3516.768547857193,20
5,63012,38.3435654,-90.4517426,4701.5844516376765,4
6,63013,38.4051227,-91.1459959,5685.017781940611,0
7,63014,38.6518053,-91.3134447,5413.062352731131,0
8,63015,38.392625,-90.7484305,3993.446740556791,1
9,63016,38.3515146,-90.6437429,4700.987174472954,9
10,63017,38.6513091,-90.5312157,4006.5128703085443,20
11,63019,38.2314152,-90.3777037,1684.6334407569293,20
12,63020,38.1009709,-90.5655494,10991.33089991033,18
13,63021,38.5693851,-90.5457557,4246.678643738877,20
14,63023,38.2635512,-90.7203931,7276.209768236384,1
15,63025,38.4934483,-90.617398,5701.009642169035,20
16,63026,38.5013407,-90.4635482,4639.212726975194,20
17,63028,38.1379192,-90.3921821,9999.39593528644,20
18,63030,38.1217749,-90.7182535,3649.0803118377194,0
19,63031,38.8117657,-90.3437169,3361.8393740023726,20
20,63033,38.7991189,-90.2739803,3210.6419171840635,20
21,63034,38.845391,-90.2884951,3885.879051194344,20
22,63036,37.9764277,-90.3717641,4746.516940661395,0
23,63037,38.4226026,-91.316406,8087.055114255055,3
24,63038,38.5789811,-90.673265,4132.8070428161045,17
25,63039,38.4985347,-90.8438334,1913.994681457642,0
26,63040,38.5744087,-90.6310879,1757.3996572236144,34
27,63041,38.2601323,-90.7875289,2899.695766684199,0
28,63042,38.7906945,-90.3926343,3469.2636361240566,20
29,63043,38.7279589,-90.4522055,3088.8477497972094,40
30,63044,38.7650407,-90.4270456,3451.4150558242877,20
31,63045,38.7681287,-90.4669807,1104.3122986041933,1
32,63048,38.2598431,-90.3868894,1545.2999234692224,2
33,63049,38.4784012,-90.5299365,4490.137634814627,20
34,63050,38.2547676,-90.5779915,8848.04329987387,17
35,63051,38.377504,-90.5765947,6243.333555893827,13
36,63052,38.3889031,-90.4368856,5010.066369256585,33
37,63055,38.5423695,-90.8294614,5110.242790243088,0
38,63056,38.4006956,-91.2142453,7075.547409495777,0
39,63060,38.2638744,-90.8564836,6659.410166080472,0
40,63068,38.5669181,-91.2534767,8629.856705840117,2
41,63069,38.4888759,-90.7376621,7825.184339428753,20
42,63070,38.289526,-90.4294944,3465.463320858556,2
43,63071,38.1322689,-90.8516854,7483.347428301849,0
44,63072,38.369499,-90.8177657,5535.555924776041,1
45,63074,38.7263756,-90.3887125,1788.3717871410147,14
46,63077,38.3356362,-90.9973642,8572.860963352825,13
47,63080,38.2227466,-91.0950036,13480.404885973532,20
48,63084,38.4205385,-91.0035447,7694.390588513651,20
49,63087,37.9958464,-90.4323039,4195.0424515610675,0
50,63088,38.5486268,-90.5017046,2175.901417039764,7
51,63089,38.4582714,-90.8895536,5357.12106705241,5
52,63090,38.5287862,-91.0467501,8333.32591354012,20
53,63091,38.3791315,-91.3925865,6518.615538422157,3
54,63101,38.6312017,-90.1925606,562.3306193358028,20
55,63102,38.627137,-90.1855505,1106.6372663165014,20
56,63103,38.6297935,-90.2167309,1349.9066717145313,40
57,63104,38.611669,-90.2146759,1683.3423295222435,20
58,63105,38.6441283,-90.3282549,1463.9955462564817,20
59,63106,38.6444295,-90.2082343,1361.6802967966062,20
60,63107,38.6635897,-90.2114166,1371.9415631812703,14
61,63108,38.6447272,-90.2541032,1408.597683254511,40
62,63109,38.5851338,-90.2953175,1671.505313150617,20
63,63110,38.6245648,-90.2660935,2235.736750784578,20
64,63111,38.5592393,-90.2513754,1618.8759210916699,20
65,63112,38.6583954,-90.2831189,1684.1953054127353,40
66,63113,38.6578812,-90.2474043,1423.0942740423102,20
67,63114,38.7022558,-90.3636738,2666.349705152325,20
68,63115,38.6826206,-90.2386139,2029.7508118696617,20
69,63116,38.5800742,-90.2655794,2163.5129434828546,40
70,63117,38.630841,-90.3309595,1394.9531262332625,40
71,63118,38.5929639,-90.2263936,1661.2625278555006,20
72,63119,38.5887887,-90.3510139,2630.9770646161896,40
73,63120,38.6907322,-90.2619629,1407.0599781807823,20
74,63121,38.707198,-90.3011225,2428.6654526998645,40
75,63122,38.5811899,-90.4179814,3446.9809371024744,20
76,63123,38.5492677,-90.3275236,3209.0482084284176,20
77,63124,38.6384137,-90.3806114,2690.704473041319,40
78,63125,38.5194647,-90.2941163,2854.4657770161043,20
79,63126,38.5494077,-90.3790337,1986.4751498551227,40
80,63127,38.5347091,-90.4135301,2189.516266282122,20
81,63128,38.4938058,-90.3821472,3578.6445663874024,20
82,63129,38.4594709,-90.3170365,4099.156488811972,20
83,63130,38.6646882,-90.3246367,2036.5641979739066,20
84,63131,38.6176531,-90.4423548,3288.1277257131424,20
85,63132,38.6760577,-90.3776847,2105.433145108658,20
86,63133,38.6813477,-90.3070276,1602.7556634496639,14
87,63134,38.7409615,-90.3475197,2593.4797341996677,19
88,63135,38.749681,-90.2987178,2277.853242133272,20
89,63136,38.7436182,-90.2593439,2961.8933816203853,20
90,63137,38.7502894,-90.2153476,2420.1685394471033,14
91,63138,38.8010507,-90.1923963,3915.985276433596,20
92,63139,38.6107139,-90.2920814,1775.815640460412,20
93,63140,38.7385754,-90.3233158,668.650588719808,0
94,63141,38.6574686,-90.4588051,3440.457039247004,40
95,63143,38.6115262,-90.3206581,1278.4376614743892,20
96,63144,38.6193879,-90.3481246,1380.4387539335946,20
97,63146,38.702855,-90.4754864,3738.355346479685,20
98,63147,38.6969527,-90.2173312,2099.4309362197437,1
99,63301,38.858035,-90.463316,8618.398549978423,20
100,63303,38.7398818,-90.5437441,4050.0031634289608,20
101,63304,38.7193477,-90.6550997,5763.448142233212,20
102,63330,39.2660022,-90.8145503,4835.477595250605,0
103,63332,38.61582,-90.8926801,6315.6843596468125,1
104,63333,39.0352797,-91.3203761,6222.168499094757,0
105,63334,39.3084412,-91.1915688,11900.469756271834,20
106,63336,39.3208444,-90.9410464,7741.152182578572,1
107,63339,39.3366123,-91.3758019,7919.272828955662,1
108,63341,38.6536414,-90.8006791,6883.203952057306,2
109,63343,39.1535373,-90.8459062,9573.771278635011,1
110,63344,39.2281231,-91.0182009,8280.36478390009,0
111,63345,39.2783074,-91.5622337,3953.5524582235835,0
112,63347,39.0637245,-90.7706838,5829.845823951098,1
113,63348,38.7834649,-90.9331059,7100.732508313555,20
114,63349,38.9837138,-91.1505533,5063.553296689766,0
115,63350,38.9042263,-91.3513546,4613.637025669173,0
116,63351,38.8569601,-91.3139232,6685.010214605933,1
117,63352,39.254356,-91.6575381,9511.173076141162,0
118,63353,39.4544962,-91.1132247,9027.623865264222,24
119,63357,38.6565381,-91.0940583,10089.420447430726,6
120,63359,39.1595234,-91.3449405,10931.130856017273,0
121,63361,38.9555833,-91.5601407,11859.66990299675,18
122,63362,38.9228003,-90.8698446,5465.799995712557,0
123,63363,38.8842243,-91.4605799,8254.157835198104,0
124,63366,38.8345503,-90.730201,8733.555837350215,40
125,63367,38.7879742,-90.7831971,2461.528958410622,20
126,63369,38.9412564,-90.7881918,4649.85514442122,0
127,63370,39.0805762,-91.2233333,1208.7681181706087,0
128,63373,38.9281572,-90.407025,4003.21071848277,0
129,63376,38.796281,-90.6162925,5613.374710870619,20
130,63377,39.1071909,-91.0962138,9946.09805635117,0
131,63379,39.0024864,-90.9868801,10789.23744150195,20
132,63381,38.9864022,-91.2533046,5299.215198739042,0
133,63382,39.3089864,-91.4937108,9903.785347697187,18
134,63383,38.8043646,-91.1937047,11508.271208175545,40
135,63384,39.0925284,-91.5535922,8524.985445570532,4
136,63385,38.7935079,-90.8575649,7371.099382683575,20
137,63386,38.8702273,-90.2196339,5107.445297383228,40
138,63387,39.1758409,-91.0073903,1143.9728149152595,0
139,63388,38.8750573,-91.7576864,7075.267222945017,0
140,63389,39.000511,-90.7728451,5995.785010961382,4
141,63390,38.8033966,-91.0400677,8225.008465475938,6
142,63401,39.6906726,-91.4566161,9334.919563282796,40
143,63430,40.405227,-91.5468326,6245.830480519736,0
144,63431,39.7402213,-92.3139603,6113.946572814396,2
145,63432,40.5167957,-91.9916353,9149.684312200048,0
146,63433,39.5602203,-91.1842331,1298.2902145341168,0
147,63434,39.9147995,-91.9562127,7020.70136655688,1
148,63435,40.2159664,-91.5881185,11352.375189942823,10
149,63436,39.5006886,-91.5399513,8177.175129270215,3
150,63437,39.7282167,-92.2206539,10120.048758197636,2
151,63438,39.9630378,-91.6958129,3371.6910759740467,0
152,63439,39.8249356,-91.8679148,4943.805865520692,0
153,63440,39.9874747,-91.7588342,8828.74412864961,0
154,63441,39.4826173,-91.3211647,9045.4150124578,0
155,63443,39.6779415,-91.8581181,6549.8140455691055,0
156,63445,40.3956616,-91.7322119,11479.54034836016,11
157,63446,40.1143125,-92.0202459,9108.744883940662,1
158,63447,40.1010323,-91.8902589,8957.202738897193,9
159,63448,40.0159636,-91.5421129,6544.295715669569,1
160,63450,39.6689094,-92.1502597,4702.880474744496,0
161,63451,39.9174651,-92.2060355,7617.408101596156,1
162,63452,40.0929028,-91.7805556,8682.860864076787,8
163,63453,40.5107559,-91.8672559,6948.464153414001,0
164,63454,39.9229812,-91.6503769,5733.797532997238,1
165,63456,39.6496039,-91.7231283,12104.453119652706,5
166,63457,40.1658502,-91.7118887,4747.0528011163515,0
167,63458,39.9897034,-92.0029201,4527.298490192634,0
168,63459,39.584494,-91.3823157,10637.355834468946,2
169,63460,40.0052931,-92.1900871,8309.562121890373,0
170,63461,39.8021832,-91.5555504,11520.184882196694,10
171,63462,39.4192072,-91.7011295,10081.28576050214,4
172,63463,39.8376777,-91.7526504,6627.266433680304,0
173,63464,39.9644956,-92.064581,1978.6998206766557,0
174,63465,40.5182507,-91.6843828,6162.330476418399,0
175,63467,39.6484448,-91.2678296,321.00503311486455,1
176,63468,39.667018,-92.0129016,10883.107664783221,5
177,63469,39.8258511,-92.0412178,10494.173190190406,0
178,63471,39.9072379,-91.487808,5965.761972240289,0
179,63472,40.3953747,-91.5732799,2137.1076937914154,0
180,63473,40.2460431,-91.7745553,6895.057732166449,0
181,63474,40.3497649,-91.8935732,7784.7599202802785,3
182,63501,40.1615881,-92.5913122,13127.196106393047,20
183,63530,39.9076203,-92.4550538,9412.81382348309,1
184,63531,40.3002626,-92.2410363,8501.902807881377,0
185,63532,39.7665512,-92.5718763,6490.286994195982,0
186,63533,40.1997729,-92.3922259,7275.289455262041,0
187,63534,39.737309,-92.6484067,7902.732409014042,0
188,63535,40.5690671,-92.6522017,3791.5894089529015,0
189,63536,40.4852906,-92.3559269,8016.311398451299,0
190,63537,40.1588862,-92.1565369,9779.441074055741,5
191,63538,39.9509074,-92.6806658,6772.518953359208,0
192,63539,39.9255955,-92.7689031,6598.539471455603,0
193,63540,40.0969588,-92.4102222,3058.6728503839254,0
194,63541,40.5041704,-92.6270422,6027.230719548912,0
195,63543,40.3524195,-92.0141253,5822.235369525867,0
196,63544,40.2377098,-92.8429487,10838.356560760814,1
197,63545,40.2595396,-92.9619784,9500.105946568394,3
198,63546,40.3250328,-92.5039933,9595.342826396625,0
199,63547,40.1358322,-92.2977135,8230.040029472302,0
200,63548,40.5363661,-92.4891603,8052.318663634599,1
201,63549,40.0165327,-92.495462,10571.82676527759,6
202,63551,40.5029899,-92.7392255,5740.3622708738285,0
203,63552,39.7573094,-92.4436379,10609.127711664567,20
204,63555,40.4864037,-92.1931794,12667.94405970891,21
205,63556,40.1829849,-93.1272897,13736.814247015871,14
206,63557,39.971058,-92.8906537,7812.977328307584,0
207,63558,39.7494459,-92.7511046,9554.488364752122,0
208,63559,40.232507,-92.7411704,9394.566931001229,0
209,63560,40.359626,-93.1204089,5725.03770453493,0
210,63561,40.4105739,-92.5347289,8574.335044096471,1
211,63563,40.3045515,-92.065941,7926.035311008342,0
212,63565,40.4806197,-92.9472761,15140.318564937645,6
213,63566,40.0628388,-92.9312269,5004.844356058014,0
214,63567,40.424368,-92.7156204,2324.3878205798446,0
215,63601,37.822535,-90.543367,6958.042743537878,20
216,63620,37.4029221,-90.6677728,12197.36618980941,2
217,63621,37.4828343,-90.5878118,8218.534423009722,0
218,63622,37.79106,-90.9074371,6424.590959132501,0
219,63623,37.6850549,-90.88259,10014.14221087492,0
220,63624,37.7555089,-90.6340404,7246.35494360076,2
221,63625,37.5548969,-90.971768,8063.709480341437,0
222,63626,38.0550257,-90.6661886,2954.9317812049253,0
223,63627,38.0382914,-90.2521605,7872.593736962668,8
224,63628,37.9345797,-90.5342082,9726.775995399654,20
225,63629,37.3855166,-91.2355453,15546.499439568484,0
226,63630,38.029601,-90.7174913,7491.33051434905,0
227,63631,37.7545737,-90.7880296,5383.403555219576,0
228,63633,37.4143379,-91.0280224,9668.28915051355,0
229,63636,37.3145954,-90.5759009,5756.650930697498,0
230,63637,37.7122859,-90.5183461,3501.9768733744577,0
231,63638,37.2198319,-90.9929907,17107.62627160594,9
232,63640,37.7546741,-90.3805617,12516.755321881983,20
233,63645,37.5472017,-90.3216583,17728.012558853712,20
234,63648,37.8251088,-90.6956416,4999.8652786267685,0
235,63650,37.6224249,-90.6068308,9570.56450909757,15
236,63653,37.8600964,-90.5881946,992.6073570919068,1
237,63654,37.4875292,-90.8578273,8128.811801651253,0
238,63655,37.3905591,-90.1891057,10964.164013620793,1
239,63656,37.5962639,-90.8069079,6821.12754661447,0
240,63660,37.9045202,-90.6754269,5612.132692062534,0
241,63662,37.5324235,-90.0500249,7450.454437466458,0
242,63663,37.6269704,-90.6526009,926.7869665602503,4
243,63664,37.9175032,-90.9142692,15340.994268727043,20
244,63665,37.3060731,-90.8252316,6477.323921151085,0
245,63670,37.894503,-90.1889862,14572.848919291298,20
246,63673,37.8252758,-90.0141659,8222.160775744285,0
247,63674,38.0366562,-90.6593056,1525.7168725316799,0
248,63675,37.3221593,-90.7028127,4397.3637934676535,2
249,63701,37.3331225,-89.5809597,10391.215491252957,20
250,63703,37.2734774,-89.5482931,2879.509611489372,20
251,63730,37.1007281,-89.9087977,10103.512843319018,11
252,63732,37.5941349,-89.57593,4865.090493922595,0
253,63735,36.9777113,-89.7756837,7067.474171136324,1
254,63736,37.0668039,-89.5319151,6926.7007794600995,1
255,63739,37.3565908,-89.8199564,3699.9653975041592,0
256,63740,37.175369,-89.6807211,8270.421390028894,8
257,63742,37.1599959,-89.4470901,533.61717718283,0
258,63743,37.5160304,-89.8167707,1942.1264153601855,0
259,63745,37.2512746,-89.6589276,244.3618351520463,0
260,63747,37.5537303,-89.8162644,4176.0473007744795,0
261,63748,37.6621706,-89.6100831,7896.386608039754,3
262,63750,37.1166187,-90.2002112,3702.4845454235597,0
263,63751,37.3113856,-90.124472,7108.442439326573,0
264,63755,37.440511,-89.6423027,12103.374161358866,40
265,63758,37.190189,-89.5495525,222.77988565796653,0
266,63760,37.2427865,-89.8988934,4972.423432537482,0
267,63763,37.0644616,-90.1756086,3435.7095410143156,0
268,63764,37.3197638,-89.9902287,12524.409924361027,4
269,63766,37.4308964,-89.8368798,6198.51750999186,1
270,63767,37.0510772,-89.6045477,1344.3305957394512,0
271,63769,37.5224032,-89.7365808,6704.201579349845,0
272,63770,37.592973,-89.69796,1522.2221820110499,0
273,63771,37.0755989,-89.7147704,9014.87110713296,1
274,63775,37.716436,-89.884287,17288.20003424956,20
275,63780,37.195014,-89.5191555,6990.213883355779,2
276,63781,37.5275111,-89.9262191,7097.6176635082575,0
277,63782,37.1184718,-90.0225027,3588.3306449241845,0
278,63783,37.6080925,-89.6804196,2052.894178950948,0
279,63784,36.9867588,-89.6941888,2212.7165902358174,0
280,63785,37.2668367,-89.8222129,6322.240881895383,1
281,63787,37.1210872,-90.133126,7424.088259755866,0
282,63801,36.9021991,-89.5987899,13218.96484413884,20
283,63820,36.8117526,-89.3175101,1575.655149980262,0
284,63821,36.0391577,-90.2354795,5299.526789027113,1
285,63822,36.6604867,-89.9988797,7538.861430499554,5
286,63823,36.8950072,-89.4603775,5700.561473355182,0
287,63824,37.0040224,-89.5263345,216.79714291043175,0
288,63825,36.9311735,-89.9455466,9454.654549311304,15
289,63826,36.182513,-89.849693,3112.459669978236,0
290,63827,36.2554827,-89.8833272,7953.095237595237,0
291,63828,36.7503329,-89.6918529,896.3218316907792,0
292,63829,36.0355097,-90.3088665,4650.822633284677,2
293,63830,36.1320487,-89.6895398,7503.7411865845215,17
294,63833,36.6543817,-89.7240221,8363.958976124235,0
295,63834,36.9265565,-89.2756371,14320.733568049556,40
296,63837,36.4502903,-89.986451,5210.156001635772,0
297,63839,36.0478865,-89.8185387,2242.8603836153284,0
298,63841,36.7713161,-89.984451,10663.530249253052,20
299,63845,36.68456,-89.3365799,14293.90778992754,13
300,63846,36.8195688,-89.7979175,9074.22447485692,0
301,63847,36.4393013,-90.0352684,1271.4218498840933,0
302,63848,36.4364358,-89.8878153,6891.404263896312,2
303,63849,36.1288818,-89.9933086,4455.1940563567805,0
304,63851,36.2520384,-89.7634898,7125.174821353565,20
305,63852,36.3755791,-90.0089978,6454.956441525844,0
306,63853,36.0694433,-89.8709881,1293.4625453212516,0
307,63855,36.069107,-90.056809,7819.88802923093,0
308,63857,36.2304389,-90.0343431,9273.267554266347,20
309,63860,36.6521807,-89.5946645,2352.4293836621478,0
310,63862,36.6343558,-89.6425949,6688.824363463761,0
311,63863,36.5629755,-89.9735727,7076.436955255878,17
312,63866,36.5366064,-89.6015667,2179.758339252032,0
313,63867,36.7391465,-89.5421901,8973.956685497695,0
314,63868,36.8523164,-89.6855086,1403.9757746585644,0
315,63869,36.6261354,-89.531339,6421.542490982181,8
316,63870,36.6185834,-89.8513089,8284.825029654774,0
317,63873,36.4088871,-89.6795107,14045.902314699659,8
318,63874,36.552869,-89.8186567,1238.600204052913,0
319,63876,36.1378333,-90.1750876,7540.485092359726,1
320,63877,36.0757214,-89.8583359,10485.393087418104,6
321,63878,36.5076332,-89.8166367,880.066128032827,0
322,63879,36.3488289,-89.8144533,3999.588584902218,0
323,63880,36.3279066,-90.0356648,637.3711927224232,0
324,63882,36.9161891,-89.2220171,641.8957736913138,0
325,63901,36.7711558,-90.4619128,16343.486421619067,20
326,63932,36.6832424,-90.2557817,6669.437173682502,0
327,63933,36.5191812,-90.1119278,9142.210129504503,2
328,63934,37.2063279,-90.3925493,958.0869431429034,0
329,63935,36.6756033,-90.9211273,19055.26633180669,22
330,63936,36.8089247,-90.1290283,7966.03891739823,0
331,63937,36.9351146,-90.7840132,12579.95581325267,2
332,63939,36.6626666,-90.6933903,5352.790917344799,0
333,63940,36.7680025,-90.227674,6667.627109671024,0
334,63941,36.8950699,-91.1532515,11849.009888658034,0
335,63942,36.5543742,-91.0744807,9037.62274709066,3
336,63943,36.818373,-90.7696619,5991.194139009867,0
337,63944,37.080992,-90.3984248,8790.498998212768,2
338,63945,36.6274917,-90.5294336,5465.812865997251,0
339,63951,37.1132117,-90.2880293,5808.192343923165,0
340,63952,37.0100622,-90.6420444,6667.4793300852925,0
341,63953,36.5999475,-90.6382239,7051.455815699089,2
342,63954,36.5576027,-90.4861235,8579.380786579091,0
343,63955,36.6071187,-90.6783115,2715.215755822205,0
344,63956,37.213951,-90.5217278,7387.773408730486,1
345,63957,37.149787,-90.6687444,12594.69810682043,15
346,63960,36.9569398,-90.131465,9782.468156215238,9
347,63961,36.5672083,-90.2770756,8735.427925415584,0
348,63964,37.239593,-90.4025368,7840.4945744538945,0
349,63965,36.9651701,-91.0212926,13112.829997320208,10
350,63966,36.9705164,-90.2607204,7261.049339502695,0
351,63967,36.9428461,-90.4856138,9942.098271552448,0
352,64001,39.114216,-93.5409084,5645.882739369239,0
353,64011,38.9688465,-94.0612867,5687.09441716478,0
354,64012,38.7883912,-94.5519179,6080.427958086434,20
355,64014,39.0087172,-94.2555793,2968.0349579148274,20
356,64015,39.0196205,-94.3022306,4135.520076817355,40
357,64016,39.1219966,-94.2075089,5007.64087744957,0
358,64017,39.1975905,-94.0207221,4073.2371384796215,0
359,64018,39.454719,-94.7212611,4473.587463360224,1
360,64019,38.7838431,-93.8667564,8446.065801436354,0
361,64020,38.9674248,-93.5997836,9467.75854730789,2
362,64021,39.1125829,-93.6257239,5681.646403445332,0
363,64022,39.2016552,-93.6722466,2554.8005731008725,0
364,64024,39.3215941,-94.2323249,7744.980419182669,20
365,64029,39.0047414,-94.2148282,4957.744048789682,20
366,64030,38.8813591,-94.5227442,3440.3994915424937,20
367,64034,38.8585508,-94.2975542,4277.972381592841,0
368,64035,39.2944147,-93.8225351,7577.932002460738,0
369,64036,39.2052561,-93.9290705,4293.41237333433,0
370,64037,39.0594989,-93.7339677,9502.507951086563,29
371,64040,38.7187776,-93.9863723,11827.522276322603,7
372,64048,39.4377625,-94.3635789,6134.635939344455,3
373,64050,39.1091804,-94.4075868,3076.3735996715477,20
374,64052,39.0735091,-94.450843,2305.7439166538406,20
375,64053,39.1112706,-94.4651718,1656.5740854634098,2
376,64054,39.1204545,-94.4364155,1428.3417327908091,0
377,64055,39.0508472,-94.3979978,3190.622938369568,20
378,64056,39.1133078,-94.3198024,4407.638385777829,15
379,64057,39.0719569,-94.3193082,3479.72898370108,15
380,64058,39.1738557,-94.3135602,5255.49995386335,4
381,64060,39.3708377,-94.3628445,6789.169721569585,20
382,64061,38.7833937,-94.0848616,7241.370315750949,4
383,64062,39.4557312,-94.1632046,8633.597463093394,5
384,64063,38.9134804,-94.358446,2194.1056538030434,40
385,64064,38.976923,-94.3417487,3975.244053224771,20
386,64066,39.1280831,-94.1254485,1083.547944293394,0
387,64067,39.1548782,-93.8303112,7764.812231656394,20
388,64068,39.2567625,-94.3932404,8416.906109604874,20
389,64070,38.8867947,-94.149407,5700.358944100541,2
390,64071,39.0278278,-93.8317173,5371.400760397414,1
391,64074,39.089949,-94.0862631,3919.2676827589485,0
392,64075,38.9998005,-94.1452646,6424.3883394147315,13
393,64076,38.9831624,-93.9480563,9837.511374765718,19
394,64077,39.2245781,-94.1391264,7608.617821600682,0
395,64078,38.7051399,-94.4615486,6818.27070603503,11
396,64079,39.3591272,-94.7936728,8919.981520297244,20
397,64080,38.7642085,-94.26041,10123.053448090597,9
398,64081,38.9064014,-94.4065083,3586.05290317434,20
399,64082,38.8621111,-94.4083198,3937.5569931466634,19
400,64083,38.7985792,-94.4490864,4776.505718425455,20
401,64084,39.3843448,-94.0668832,6516.618707845034,1
402,64085,39.343321,-93.9554313,11350.131675523475,20
403,64086,38.8991712,-94.272385,5599.336409149308,20
404,64088,39.1519281,-94.1835509,4928.422716341267,0
405,64089,39.3880524,-94.5675732,7235.262907519183,20
406,64090,38.759359,-94.1635778,311.87336691600063,0
407,64092,39.2184138,-94.7974882,2230.6861800340066,1
408,64093,38.7920423,-93.730669,12440.290340817812,20
409,64096,39.1967985,-93.5579283,5987.304957124187,3
410,64097,39.1049087,-93.9842714,5333.767936876169,0
411,64098,39.4680757,-94.8914752,7683.542524677441,2
412,64101,39.1033514,-94.6006893,559.5833546619036,0
413,64102,39.0940146,-94.6040471,507.663104349636,2
414,64105,39.104692,-94.5897642,824.8376460120289,20
415,64106,39.1052416,-94.5700713,1153.959424117487,20
416,64108,39.084895,-94.5864696,1731.8765824801978,40
417,64109,39.0657943,-94.5663432,1307.456500264776,19
418,64110,39.0344003,-94.5728775,1580.5111370595225,20
419,64111,39.0576061,-94.5939393,1494.094818805888,20
420,64112,39.0360604,-94.595301,1097.9683034241464,40
421,64113,39.0141436,-94.5955888,1438.0850513949504,20
422,64114,38.9578018,-94.5985985,2399.1103125027603,20
423,64116,39.149635,-94.5748061,2973.119907503276,20
424,64117,39.1644492,-94.5226565,2256.9264564246023,0
425,64118,39.2126247,-94.5723406,3254.9756154840043,20
426,64119,39.2099665,-94.5146652,3432.54588643127,20
427,64120,39.1350071,-94.514957,2567.5968556841353,20
428,64123,39.1145985,-94.5228484,1213.372829598433,2
429,64124,39.1072235,-94.5394021,1172.5450463665159,4
430,64125,39.1068248,-94.4925121,1219.7019387053165,1
431,64126,39.0909855,-94.4966485,1423.3741751405805,3
432,64127,39.0891429,-94.5383195,1870.1054179999817,12
433,64128,39.0656761,-94.5348048,1578.2113249329757,40
434,64129,39.0489718,-94.4976924,2968.7135330516508,17
435,64130,39.0336382,-94.5411167,2417.786390810891,20
436,64131,38.9598088,-94.5719513,2668.251115056269,20
437,64132,38.9855775,-94.54455,2867.790970496598,20
438,64133,39.0139413,-94.4558757,3732.4264119954346,20
439,64134,38.9309724,-94.4871536,3168.7150822242925,20
440,64136,39.0127675,-94.4058445,1892.6444068150727,0
441,64137,38.9316207,-94.5429133,2259.3583851023027,20
442,64138,38.9697515,-94.4725334,3388.729154439338,20
443,64139,38.9646086,-94.4074883,2159.5435834832238,20
444,64145,38.8735289,-94.5940201,2342.3792631378383,20
445,64146,38.8830379,-94.5727412,1900.5315467602793,13
446,64147,38.8527227,-94.5504901,1814.8696847548915,3
447,64149,38.8619066,-94.4688762,2692.583601195603,1
448,64150,39.170611,-94.6298972,2107.02338859275,5
449,64151,39.2143414,-94.6302135,3345.9226506941573,20
450,64152,39.2190309,-94.7246657,4938.701509005552,25
451,64153,39.274581,-94.7266425,5450.6172878394555,20
452,64154,39.2812788,-94.6269483,3339.8744841276553,18
453,64155,39.276545,-94.5730731,3212.185486564317,40
454,64156,39.2816566,-94.5261313,3371.2597046301667,1
455,64157,39.2769034,-94.4686539,2870.303291796391,20
456,64158,39.2342357,-94.4774442,1265.9201088513498,20
457,64161,39.1630191,-94.4507124,3594.617742416355,0
458,64163,39.3445611,-94.6881858,2660.2143132577285,0
459,64164,39.3294232,-94.6270744,2912.3668500934773,0
460,64165,39.3217013,-94.5739477,1968.0140112803263,0
461,64166,39.3215989,-94.5182695,1869.1181119375324,0
462,64167,39.3231472,-94.4809602,1202.212280671501,0
463,64192,38.9557694,-94.5241178,261.0448564021101,0
464,64401,39.6333476,-94.7156177,6095.5564025316435,0
465,64402,40.2546792,-94.3267231,10472.293858235515,14
466,64421,39.9057467,-94.9139702,4677.7571144097765,0
467,64422,39.8947869,-94.4939607,6078.306683610284,0
468,64423,40.1928714,-94.8516564,7538.147603537093,0
469,64424,40.2615908,-94.0326888,11969.823653963907,20
470,64426,40.5099785,-93.8784216,5567.65587395744,0
471,64427,40.1085775,-94.8463241,6997.660189851798,1
472,64428,40.4259834,-95.0973688,9120.068286171962,0
473,64429,39.7367263,-94.2258065,11527.956012587829,20
474,64430,39.8389903,-94.5655386,5910.915477630647,0
475,64431,40.5281929,-94.9962572,6249.769971525178,0
476,64432,40.2654969,-94.6693623,355.6346115561907,0
477,64433,40.2307121,-94.6781874,1581.6482171594027,0
478,64434,40.2556282,-94.7324482,5651.049776248294,1
479,64436,39.8577267,-94.6918594,5279.4177973912365,0
480,64437,40.1355871,-95.3385127,11225.708967188673,4
481,64438,40.1719063,-94.4103696,5196.673627593005,0
482,64439,39.5244125,-94.7533725,6529.977499340804,0
483,64440,39.5851335,-94.9103377,5256.506541639056,0
484,64441,40.4048439,-94.2613791,6209.244486986698,0
485,64442,40.497186,-94.0055251,8243.372499268984,2
486,64443,39.7516344,-94.6489084,6332.512241790187,0
487,64444,39.48538,-94.6480336,5654.8367334076775,0
488,64445,40.5387109,-95.1292657,5999.816397925671,0
489,64446,40.3167864,-95.4221681,10812.900363792389,13
490,64448,39.596748,-94.8227647,5533.482158387328,1
491,64449,40.0502255,-94.9890193,5736.805777836388,0
492,64451,40.0014951,-95.1937049,6189.4889019294615,4
493,64453,40.3378321,-94.4656193,5809.470497403197,0
494,64454,39.5964234,-94.5918096,7478.050361588199,6
495,64455,40.1805662,-95.0049904,6629.395781064992,0
496,64456,40.4931382,-94.3910799,11454.820867440536,3
497,64457,40.162713,-94.6823548,5354.97507981003,0
498,64458,40.5250157,-94.1503563,7051.622429224094,0
499,64459,39.9289426,-94.6493893,4619.736448595105,1
500,64461,40.5215874,-94.8071904,8166.261051158318,2
501,64463,40.0625983,-94.4825853,10961.612587115551,4
502,64465,39.5498984,-94.2876212,8832.500443289755,2
503,64466,40.1664836,-95.1263244,7070.008067363154,0
504,64467,40.4016576,-94.1629471,6228.971398504736,0
505,64468,40.3418122,-94.8804837,10965.007791664404,40
506,64469,39.9186889,-94.365018,9745.010911572337,3
507,64470,40.1601072,-95.2291889,7895.928865314982,4
508,64471,40.2643465,-94.1973602,6354.115872291941,1
509,64473,39.9792607,-95.0762089,9589.904053076909,4
510,64474,39.7583873,-94.3874721,7178.664634234211,0
511,64475,40.4361303,-94.6129762,7946.645493467541,0
512,64476,40.4399234,-94.8343493,5032.371970453948,0
513,64477,39.5764833,-94.4629666,8472.970933653458,8
514,64479,40.3381318,-94.670901,7246.500493911727,0
515,64480,40.0541145,-94.7054765,5437.93476705191,0
516,64481,40.3539466,-93.8877329,10173.017777731955,0
517,64482,40.4649688,-95.5463736,10334.097768862248,7
518,64483,40.0451486,-94.8473539,5399.377704312032,1
519,64484,39.552406,-95.016701,7896.525961344181,0
520,64485,39.949977,-94.8181631,9549.832161071225,10
521,64486,40.5303889,-94.6244114,6673.151778172462,0
522,64487,40.3009353,-95.0959108,10545.07320285385,0
523,64489,40.2368868,-94.5472708,10204.494205845516,3
524,64490,39.7415656,-94.5142146,8263.705457188205,3
525,64491,40.4460452,-95.3580541,9992.134726549075,3
526,64492,39.468187,-94.516585,5197.417119987332,0
527,64493,39.63396,-94.3178151,5147.841030801554,0
528,64494,39.989408,-94.6096079,6792.007871434984,0
529,64496,40.4898842,-95.6422848,5176.790198580761,0
530,64497,39.9304587,-94.2198515,5949.38392027997,0
531,64498,40.5412522,-95.3297588,6987.09578177897,0
532,64499,40.4015924,-94.4227097,4152.658360116947,0
533,64501,39.7658078,-94.8422957,1762.1574513624337,20
534,64503,39.7501527,-94.8426798,3494.0352010169877,40
535,64504,39.6912467,-94.9059244,6295.923242745207,9
536,64505,39.84678,-94.8239083,5659.686191366754,20
537,64506,39.7899154,-94.8033118,2926.5814557972185,20
538,64507,39.765373,-94.7264098,6849.569820001297,40
539,64601,39.8053807,-93.579097,14455.222840202343,20
540,64620,39.899627,-94.1028673,3944.631767762199,0
541,64622,39.4925501,-93.5427174,7409.135023317788,0
542,64623,39.4711869,-93.3312749,7924.036333958858,0
543,64624,39.5623639,-93.7844712,10138.426315709254,6
544,64625,39.7530924,-93.8127268,7068.0513636137175,2
545,64628,39.8030348,-93.0438962,11003.680029357101,20
546,64630,40.0283811,-93.1432247,9181.091052556141,0
547,64631,39.8373047,-92.8828199,8771.17359197685,0
548,64632,40.4671241,-93.7737698,9958.595809513177,2
549,64633,39.3544014,-93.4855876,13779.050957555619,25
550,64635,39.9405196,-93.4500999,7065.286730573856,0
551,64636,40.110098,-93.9804626,4680.483801395676,0
552,64637,39.5757172,-93.9174119,7658.795773429662,0
553,64638,39.6176431,-93.6201364,7628.6839618372505,0
554,64639,39.3903104,-93.2257351,5612.085785941384,0
555,64640,39.8976926,-93.9493023,11081.928977483054,5
556,64641,40.1668251,-93.4012707,7539.324871976613,0
557,64642,40.170792,-93.8364487,9699.616744433566,0
558,64643,39.6225294,-93.3758178,9300.289253467412,0
559,64644,39.7390662,-93.9708083,9394.833259339015,7
560,64645,40.2812514,-93.3426548,7127.13656529209,0
561,64646,40.0990344,-93.3090208,7115.671019260539,0
562,64647,40.0264425,-93.9672992,5996.376206823931,0
563,64648,39.9875526,-93.8072738,9642.382957282667,8
564,64649,39.7733465,-94.0863903,5423.581023927584,0
565,64650,39.6378745,-94.0537267,5778.848958120516,1
566,64651,39.773425,-93.1848488,5957.797069950956,0
567,64652,40.0215078,-93.4181917,6064.441474841816,0
568,64653,39.8951333,-93.1940893,8617.052006002901,0
569,64655,40.4465304,-93.2574934,7501.228920007295,0
570,64656,39.6769096,-93.6927893,4422.286172991889,0
571,64657,40.1323001,-94.207594,6937.952311052134,0
572,64658,39.6629646,-92.9172988,8795.55720596728,4
573,64659,39.7814753,-93.2897469,7496.619980729323,2
574,64660,39.562613,-93.0641433,7278.795392729629,0
575,64661,40.5363141,-93.5170487,9011.59250780478,1
576,64664,39.7400023,-93.6980269,5670.129987369626,0
577,64667,40.3857432,-93.3312685,8983.863599347207,0
578,64668,39.3550679,-93.7044152,11277.85649997271,1
579,64670,40.051758,-94.1403742,10557.877426345223,2
580,64671,39.531881,-94.0507753,8795.248935432237,1
581,64672,40.5448351,-93.2550824,7841.69032324957,0
582,64673,40.3743086,-93.5869014,13565.984584240217,2
583,64674,39.967615,-93.1569578,6824.826284550067,0
584,64676,39.6458925,-93.0622949,5098.300756005121,0
585,64679,40.2355013,-93.5767202,8816.731496879516,0
586,64681,39.6447443,-93.2052561,7468.113669147196,0
587,64682,39.5501226,-93.490551,5759.298807299134,0
588,64683,40.0787019,-93.6047238,13754.671404478659,20
589,64686,39.7515089,-93.6262348,1261.7591397469362,0
590,64688,39.8260691,-93.3750531,7738.299301104306,1
591,64689,39.8725561,-94.1501277,5104.203206457395,0
592,64701,38.6245126,-94.3292546,10105.293404839174,20
593,64720,38.4042772,-94.3357784,10438.20706548826,6
594,64722,38.2780739,-94.5425113,5221.739095098057,0
595,64723,38.3616391,-94.5595919,6478.667968043249,0
596,64724,38.1532098,-94.0066375,10365.16220300802,8
597,64725,38.4906578,-94.372655,6794.124871558557,3
598,64726,38.527153,-93.921941,6165.037282072501,0
599,64728,37.703047,-94.5238163,7559.379988469457,0
600,64730,38.2559673,-94.2838181,15597.57382909081,20
601,64733,38.5848194,-93.8271976,7835.360754729591,1
602,64734,38.6547336,-94.5593339,6013.969226246629,1
603,64735,38.3678058,-93.7436456,14854.499459715767,20
604,64738,37.9016642,-93.6516893,8350.545134775757,0
605,64739,38.5112804,-94.0966237,6520.203252800216,0
606,64740,38.2151725,-93.7195872,9327.710911729835,1
607,64741,37.8182337,-94.5623445,5441.875558954038,0
608,64742,38.4941352,-94.5474987,8102.3685472738825,3
609,64743,38.6635785,-94.2148311,1146.533045445401,0
610,64744,37.8566208,-93.9849637,14565.816821694092,23
611,64745,38.1512596,-94.5077441,1201.6491151128237,0
612,64746,38.6020995,-94.4966975,5109.915764611637,0
613,64747,38.5788258,-94.1821822,9918.56659858346,5
614,64748,37.3614531,-94.0963481,9657.548728809334,3
615,64750,37.9338676,-94.1233985,5056.73681668962,0
616,64752,38.0808608,-94.5627183,8021.599385088103,0
617,64755,37.3332948,-94.3051072,11204.617206529727,2
618,64756,37.6096832,-94.0151968,7190.498034145215,0
619,64759,37.5218131,-94.2670984,14870.698685296527,20
620,64761,38.6015514,-93.6831142,7766.57827322194,2
621,64762,37.5466588,-94.5014834,10359.480999433612,0
622,64763,38.1399458,-93.7242009,7427.795103078684,0
623,64765,37.9958851,-94.4437959,314.8910832894867,0
624,64767,37.7373571,-94.2014524,6947.103482916454,0
625,64769,37.4743585,-94.5666733,6057.459344717439,0
626,64770,38.2814565,-93.989537,9463.19330844107,1
627,64771,37.7648786,-94.4639523,5791.838256243904,0
628,64772,37.8251029,-94.3334925,10584.220902214882,20
629,64776,38.0397032,-93.6648752,14243.79851881791,13
630,64778,37.9066696,-94.5343797,7183.744083366943,0
631,64779,38.0900562,-94.4131988,12453.123196108269,3
632,64780,38.0613491,-94.0552652,9384.248429560397,0
633,64781,37.9797089,-93.8078472,569.542328684958,0
634,64783,37.9998038,-94.1052667,7501.771254021574,0
635,64784,37.6704261,-94.244375,9674.130426573174,2
636,64788,38.4358383,-94.0140064,9204.61894935159,0
637,64790,37.9270258,-94.2206471,8159.2837168065835,0
638,64801,37.1109338,-94.4905102,6914.57445112265,20
639,64804,37.0199442,-94.5109052,8781.473634483395,40
640,64830,37.2304271,-94.4089303,1050.1926506650263,0
641,64831,36.6566518,-94.4487764,10125.618659540576,20
642,64832,37.3266327,-94.5738823,7424.629111751866,0
643,64833,37.1946581,-94.1294356,352.73491922572487,0
644,64834,37.1849733,-94.5733096,5210.937275735533,4
645,64835,37.1450554,-94.4401061,1634.5782559313532,2
646,64836,37.1865367,-94.2937198,12176.984882223385,20
647,64840,37.0165696,-94.3360633,6425.466790421756,0
648,64841,37.0760295,-94.4158055,282.86555016517497,0
649,64842,36.8002099,-94.1061807,4379.71605170876,1
650,64843,36.7378895,-94.4508001,6778.171050406145,9
651,64844,36.9162256,-94.2385632,7463.1931739814445,1
652,64847,36.6119345,-94.4570332,1187.852632930175,0
653,64848,37.1717793,-93.9896263,6051.237254423595,0
654,64850,36.8603547,-94.401796,12796.884195535034,20
655,64854,36.5459881,-94.4558836,7664.846191409368,4
656,64855,37.2954781,-94.4853196,6035.967777111468,0
657,64856,36.5659156,-94.2700249,9492.560312734246,4
658,64857,37.247005,-94.4411567,442.5832647201543,0
659,64858,36.9011778,-94.5304949,537.228182695149,0
660,64859,37.1627605,-94.1379889,6474.148409818994,0
661,64861,36.6953519,-94.1540717,6730.870261142556,0
662,64862,37.1006647,-94.119523,8669.449952275816,2
663,64863,36.5593671,-94.5833401,5001.383045345544,2
664,64865,36.8426772,-94.5813064,7919.03670382848,6
665,64866,36.8695765,-94.1564227,6591.418501862244,0
666,64867,36.7396353,-94.230149,6703.865560885593,0
667,64870,37.1871826,-94.4864414,5161.771209046612,15
668,64873,37.0106586,-94.0538471,6036.41187293751,1
669,64874,36.7644543,-94.0572138,1601.8791934113779,0
670,65001,38.28431,-92.0092426,4325.1083314275165,2
671,65010,38.7932693,-92.2371715,6956.772781200974,11
672,65011,38.389067,-92.7133445,8392.70841732837,0
673,65013,38.2699168,-91.7521291,10069.386391142216,7
674,65014,38.3227694,-91.6246357,10977.325524024907,11
675,65016,38.5740832,-91.9292112,4678.505033229006,1
676,65017,38.0921403,-92.4943689,6822.258082873847,0
677,65018,38.6201265,-92.5637001,11686.638694938396,12
678,65020,37.9936293,-92.7700092,9966.36691460828,20
679,65023,38.651127,-92.3825845,6679.932501153074,0
680,65024,38.6306414,-91.7743504,7583.754242114827,0
681,65025,38.6759484,-92.6900203,6462.353315716462,0
682,65026,38.3158895,-92.5715036,11276.158199144453,18
683,65032,38.346567,-92.3783778,6833.087012238579,0
684,65034,38.5596767,-92.8181057,5069.586243008293,0
685,65035,38.3729474,-91.9524185,8493.094940853123,2
686,65037,38.2406563,-92.8685347,8100.454030744508,8
687,65039,38.7125652,-92.2937359,7302.230869499926,8
688,65040,38.3482399,-92.2844386,5936.82335162074,0
689,65041,38.6329959,-91.4897625,14071.65084431439,20
690,65043,38.6268379,-92.1146202,6966.310361129261,3
691,65046,38.7864941,-92.4884233,7929.749204336499,0
692,65047,38.159017,-92.5715878,5192.2032341190925,26
693,65048,38.3652766,-92.0665471,2838.359125681958,0
694,65049,38.1908899,-92.6593832,3729.4595837315246,25
695,65050,38.5360473,-92.691308,4062.229491035725,0
696,65051,38.4753693,-91.8104687,11157.056029657579,11
697,65052,38.06077,-92.6482397,6633.9309672180225,16
698,65053,38.540749,-92.3991605,5215.255658971187,2
699,65054,38.5042159,-91.9501429,5210.283167490749,0
700,65058,38.2496212,-92.1278525,8932.249843088342,0
701,65059,38.7056352,-91.8912671,5265.8621406351385,1
702,65061,38.6051094,-91.6575289,7750.754157381221,0
703,65062,38.4789714,-91.6345821,1339.9078569536327,0
704,65063,38.7212595,-92.0876065,8440.91099127863,5
705,65064,38.4028449,-92.4714226,3753.458446792105,0
706,65065,38.1224945,-92.6785818,3599.4249718946307,20
707,65066,38.337607,-91.4690745,12300.200539266147,18
708,65067,38.7650181,-91.728014,6050.621327328232,0
709,65068,38.8158535,-92.6089541,5997.174718424482,1
710,65069,38.7539427,-91.601969,7855.2662561563575,0
711,65072,38.2667732,-92.7293502,3956.0149271143355,1
712,65074,38.484301,-92.4681444,8898.417696641478,2
713,65075,38.2506305,-92.2585311,6249.77007338809,3
714,65076,38.3632068,-92.2115543,5876.730621233819,0
715,65077,38.7494901,-91.7941772,5189.716645059486,0
716,65078,38.3894922,-93.0221876,11269.195814463395,6
717,65079,38.1557606,-92.752145,5060.009792566083,8
718,65080,38.6207346,-91.9899247,5897.935202933458,0
719,65081,38.6444455,-92.8156776,8493.65020664804,8
720,65082,38.2209654,-92.4228272,7743.978096911439,1
721,65083,38.1409106,-92.440994,3335.62027189868,0
722,65084,38.4342395,-92.8561277,11842.557882678575,20
723,65085,38.3405742,-92.0948327,5453.986620392187,0
724,65101,38.4803406,-92.1502168,10148.68613944789,20
725,65109,38.5670017,-92.275907,8035.854000308988,20
726,65201,38.9009319,-92.238438,8477.905026500986,20
727,65202,39.0204862,-92.2967293,11333.043044184642,20
728,65203,38.8954161,-92.3960654,7921.484896466449,20
729,65230,39.2905475,-92.7025925,7302.618882454525,0
730,65231,39.0184056,-91.8964574,9751.083146225537,4
731,65232,39.1606947,-91.7560002,4217.351818497429,0
732,65233,38.9170962,-92.7280778,10766.959009200022,20
733,65236,39.4564629,-93.086382,6906.401742624497,8
734,65237,38.7666394,-92.7936442,9106.732935140319,0
735,65239,39.5335198,-92.4320431,6720.384668196136,0
736,65240,39.2235502,-92.1290495,12410.231720850563,11
737,65243,39.2684671,-92.3544252,8946.232168829896,9
738,65244,39.4900927,-92.6767138,7810.901880463797,0
739,65246,39.3734604,-93.0174206,6094.591770793932,0
740,65247,39.6439018,-92.4717364,6318.6293458236,0
741,65248,39.1386057,-92.6601332,12172.977583344065,19
742,65250,39.0300997,-92.8401007,6611.400165277501,0
743,65251,38.8418489,-91.9771319,13508.198233027559,20
744,65254,39.2055123,-92.8419463,9298.338931054916,3
745,65255,39.1025609,-92.2183927,6511.8231856113725,4
746,65256,39.1212296,-92.4565121,6676.300242538361,3
747,65257,39.2828238,-92.5286672,8485.69819060227,0
748,65258,39.5202363,-92.1352013,6560.44584632211,0
749,65259,39.469541,-92.5681995,9367.046113815428,0
750,65260,39.580629,-92.3858613,6271.374449748807,0
751,65261,39.479372,-92.9207571,8878.35102062555,1
752,65262,38.9601429,-91.9553128,6311.880011878761,0
753,65263,39.4618742,-92.2201672,10534.380627957633,0
754,65264,39.0883144,-91.6856399,6894.329257188124,0
755,65265,39.2033734,-91.8853706,13673.655471153917,20
756,65270,39.4136391,-92.3949502,9611.984861200945,20
757,65274,39.015799,-92.6862033,6518.978317524733,3
758,65275,39.4530656,-91.994965,11709.179267366184,5
759,65276,38.8495677,-92.952563,8776.909672888327,3
760,65278,39.3412571,-92.4129975,227.81944645225482,0
761,65279,39.0174497,-92.5317046,6278.316616851242,1
762,65280,39.2298854,-91.731289,3552.4972975493524,0
763,65281,39.4605836,-92.805726,12164.01165691027,10
764,65282,39.3824722,-91.8397555,3475.373076372094,0
765,65283,39.5281758,-91.8389771,7083.834775644785,0
766,65284,39.1868229,-92.3041604,6995.05617430306,13
767,65285,39.2040259,-91.9996821,6865.80707707936,0
768,65286,39.5067479,-93.2044811,6566.0027659759135,0
769,65287,38.8914589,-92.5375222,5021.674414133986,0
770,65301,38.7008386,-93.2250931,13590.086496566264,20
771,65305,38.7330959,-93.5531624,2152.9073835226723,20
772,65320,39.0894886,-92.9420239,2435.0490400474905,0
773,65321,39.0802774,-93.448871,5294.073581024558,0
774,65322,38.9820866,-92.9519951,6995.273707474009,0
775,65323,38.453529,-93.6163035,6938.172322777234,0
776,65324,38.097091,-93.0098348,7283.84668363356,0
777,65325,38.4397738,-93.1891645,10612.54531336785,3
778,65326,38.1604692,-93.1613761,11059.248433301334,0
779,65327,38.9770135,-93.4846394,1026.513140443992,0
780,65329,38.6103001,-92.9769254,4507.424845971608,0
781,65330,39.2177259,-92.952862,6480.200680437113,0
782,65332,38.6202977,-93.4111857,8474.732862631083,0
783,65333,38.9007677,-93.3199413,7512.331569052401,0
784,65334,38.8345732,-93.2345351,7166.089858237417,0
785,65335,38.5040917,-93.3295005,4356.58501876548,0
786,65336,38.7852918,-93.5575958,9859.59832501593,31
787,65337,38.7944932,-93.4313786,8501.266531420459,2
788,65338,38.3602856,-93.2898053,10280.985179435287,1
789,65339,39.1841919,-93.3848706,8976.326168232219,1
790,65340,39.0908597,-93.1829751,14379.14791013468,20
791,65344,39.3107854,-93.2067716,7913.031928055488,0
792,65345,38.544602,-93.1318134,5522.586071701904,0
793,65347,38.9798174,-93.0548358,7959.431938949274,0
794,65348,38.7124274,-92.9899104,7776.7567205316345,2
795,65349,39.232794,-93.0593505,9014.82172677136,0
796,65350,38.6459696,-93.0906716,7056.067020223519,1
797,65351,38.9942681,-93.3812168,9397.006616862049,7
798,65354,38.6586348,-92.9100511,3833.002219375938,0
799,65355,38.2195453,-93.3669484,13368.523767493247,20
800,65360,38.521569,-93.51285,11149.147458223273,20
801,65401,37.9261135,-91.7733288,14129.077172175877,20
802,65436,37.6238014,-91.9636098,3843.8499664365354,0
803,65438,36.9313359,-91.5011014,15106.149338654357,1
804,65439,37.6648818,-91.0942267,4934.649416329295,0
805,65440,37.6100301,-91.1974077,8965.840188305448,0
806,65441,38.0886959,-91.1470766,12182.28802310701,20
807,65443,38.1243017,-92.0994796,2677.591694946165,0
808,65444,37.3792409,-92.0573502,8271.204809502287,2
809,65446,37.8106066,-91.2901875,4851.602205962367,0
810,65449,37.8551344,-91.4784723,6700.786007814925,0
811,65452,37.9716636,-92.2859433,8384.231292000915,1
812,65453,38.1064928,-91.4398111,10770.08979569315,20
813,65456,37.784607,-91.1897795,8020.039647423344,2
814,65457,37.8237987,-92.0510193,3276.036131342843,0
815,65459,38.0297204,-92.0967322,13909.273445952014,8
816,65461,37.6737714,-92.0153769,4884.054937072984,0
817,65462,37.6833748,-91.8487569,8851.991845245506,0
818,65463,37.8476747,-92.7833494,7588.5249632575615,0
819,65464,37.1865777,-91.8997824,7194.1421262575195,0
820,65466,37.175702,-91.3626857,11543.754132690607,1
821,65468,37.2647104,-91.7846461,2846.540981342207,0
822,65470,37.5474339,-92.4018013,9205.501687252112,0
823,65473,37.7671182,-92.1035034,4712.361436793112,20
824,65479,37.342026,-91.6361385,7702.393164843675,0
825,65483,37.2989689,-91.9550934,9690.05656700451,20
826,65484,37.3705601,-92.2096821,5201.8355175080305,0
827,65486,38.0970837,-92.3180502,10042.998338470385,5
828,65501,37.4546101,-91.5415345,5076.458957661894,0
829,65529,37.924477,-91.9838483,688.4398411572882,0
830,65534,37.7008579,-92.2941708,5916.0409934962645,0
831,65535,38.0700026,-91.2741537,6023.55628982721,0
832,65536,37.6876972,-92.6444816,18427.798301198905,20
833,65541,37.6388877,-91.7890461,3272.193554127084,0
834,65542,37.5090936,-91.8809556,13450.600811092761,3
835,65543,37.479032,-92.296156,7075.465959491609,0
836,65548,37.0130849,-91.6912912,12288.769408727923,12
837,65550,37.822689,-91.9545402,12326.42506084877,0
838,65552,37.5493431,-92.1707486,10404.874195890605,0
839,65555,37.3626017,-91.7779195,7822.363895712178,0
840,65556,37.8402618,-92.4035719,13457.474856292749,15
841,65557,37.513569,-92.1435363,1811.2338926202656,0
842,65559,38.0248527,-91.6100979,12423.425510638344,20
843,65560,37.5875386,-91.5100496,23190.612089643208,20
844,65564,37.242142,-91.9719508,2904.0492459946117,0
845,65565,37.8936253,-91.2422318,15335.09070339658,10
846,65566,37.7207335,-91.1266417,2043.7545530196496,4
847,65567,37.8651332,-92.5357047,7766.151694081973,0
848,65570,37.4610518,-92.0963017,5207.369792524792,0
849,65571,37.2032341,-91.6295373,13156.904668953188,1
850,65580,38.116494,-91.7897987,6313.547016854242,0
851,65582,38.1760072,-91.9351039,10418.392707530562,5
852,65583,37.8227303,-92.2555356,7393.181506100923,20
853,65584,37.8311847,-92.1237753,4393.5234953146055,20
854,65588,36.9573194,-91.2942033,12870.97203019932,1
855,65589,37.2489622,-91.8292561,3269.4060067879345,0
856,65590,37.6364367,-92.9739252,8006.715055603651,0
857,65591,37.9777343,-92.5884271,5694.910093551836,0
858,65601,37.5300317,-93.5857297,6505.741082132434,0
859,65603,37.5548321,-93.8729558,4211.553143195519,0
860,65604,37.2681399,-93.6130813,8641.453420075059,5
861,65605,36.8721495,-93.6843078,12010.462116727638,40
862,65606,36.6969558,-91.3594733,13178.102735587227,2
863,65608,36.9086039,-92.6603799,18349.57239036706,17
864,65609,36.5267935,-92.1769969,5610.716884714336,0
865,65610,37.0307591,-93.5309416,8571.256892332764,2
866,65611,36.5304282,-93.3504072,4929.251486025787,0
867,65612,37.215241,-93.5401086,5294.121921867607,0
868,65613,37.6369015,-93.3964268,12597.92301237574,20
869,65614,36.7337268,-92.8970904,9482.061648002347,0
870,65616,36.6747841,-93.2497177,7896.812157989227,20
871,65617,37.4380794,-93.336009,5092.102361314786,1
872,65618,36.7517657,-92.3876775,5040.706959955103,0
873,65619,37.1217185,-93.3946905,4088.755403095249,2
874,65620,37.0334252,-92.9571521,3798.8705056085237,0
875,65622,37.6351495,-93.1101921,11158.546375794504,27
876,65623,36.749426,-93.9058502,184.8416301954447,1
877,65624,36.7299512,-93.5303395,5846.349299632911,0
878,65625,36.6740686,-93.8164969,11045.349320677187,20
879,65626,36.5877656,-92.1131099,9147.041502026741,0
880,65627,36.5646899,-93.0308719,6326.651306920738,0
881,65629,36.8897566,-93.0133744,7177.304719081926,0
882,65630,36.831783,-93.2125207,2682.431765616495,0
883,65631,37.0163714,-93.4223749,6010.571796994765,0
884,65632,37.4897728,-92.8195358,9336.418615270093,4
885,65633,36.8947809,-93.5347479,8450.826652756463,6
886,65634,38.015397,-93.1946159,8107.430404890587,0
887,65635,37.5184544,-93.7129553,5856.24697605575,0
888,65637,36.7746323,-92.2020076,8828.59472038604,0
889,65638,36.8520262,-92.328723,7124.506601366546,0
890,65640,37.6984672,-93.5668481,5924.217453987655,0
891,65641,36.5596283,-93.7549684,6515.087209974411,1
892,65644,37.5020848,-93.0410197,8188.674301261714,0
893,65646,37.337307,-93.7047036,9287.934790144962,1
894,65647,36.6925526,-94.007438,6682.166085298204,0
895,65648,37.4088532,-93.1670913,7839.799644742666,3
896,65649,37.6184331,-93.6115231,7014.808481886562,0
897,65650,37.8133321,-93.4575248,7707.529299374753,0
898,65652,37.1339485,-92.9488221,7852.126036416216,8
899,65653,36.7752079,-93.11223,7310.8050663888325,2
900,65655,36.5968285,-92.434017,13042.761920089186,5
901,65656,36.8002237,-93.4709185,10128.484235469461,3
902,65657,36.8628588,-93.0426811,4394.744648064794,0
903,65658,36.5401535,-93.6379626,4082.0934056809997,0
904,65660,37.3342122,-92.2738981,4333.299957773862,0
905,65661,37.4628253,-93.8380036,8682.18483541521,9
906,65662,37.4343441,-92.5806662,8219.871279918438,0
907,65663,37.5860213,-93.2356197,8695.993642456764,0
908,65667,37.3084594,-92.5140471,12332.274371585592,5
909,65668,37.9312302,-93.2905028,4848.3837930285135,5
910,65669,36.9151746,-93.3040346,5725.30743970769,1
911,65672,36.561516,-93.2192956,6825.078019298156,17
912,65674,37.7831627,-93.6160698,8207.863607162992,5
913,65676,36.5783302,-92.6075574,3611.738883696856,0
914,65679,36.5764169,-93.1071639,6769.331870484843,0
915,65680,36.6367183,-92.9817519,5400.94542201619,0
916,65681,36.5451516,-93.4686838,5399.977754258326,0
917,65682,37.4162312,-93.9795932,10767.782663463326,9
918,65685,37.7523004,-93.1669528,5396.482450285385,0
919,65686,36.6286953,-93.4474838,2737.8171972388245,12
920,65689,37.134286,-92.099091,12306.768206629924,4
921,65690,36.5970394,-91.3217457,6339.1776461282425,0
922,65692,36.6214495,-91.6503275,9380.674285895875,0
923,65702,37.0708453,-92.4813946,4848.033588439312,0
924,65704,37.1276196,-92.5861068,10138.10641294543,8
925,65705,37.02969,-93.616233,5470.537357832976,3
926,65706,37.3179073,-92.8996786,12113.499864839232,20
927,65707,37.2336735,-93.843315,8844.876306310813,0
928,65708,36.9117962,-93.9047349,8753.24416698573,20
929,65710,37.4855555,-93.4210883,5144.229883839105,1
930,65711,37.1763832,-92.2756788,15514.858555416173,20
931,65712,37.1106735,-93.8002905,9668.884184005092,20
932,65713,37.4046438,-92.7469509,9553.517959703839,1
933,65714,37.0380945,-93.3202818,6499.029459117338,20
934,65715,36.7407628,-92.5924685,3660.7871430845275,0
935,65717,37.064659,-92.4077457,10234.230067203904,0
936,65720,36.9405629,-92.9500372,6598.045794621091,0
937,65721,36.9828181,-93.2092257,8941.51516181161,31
938,65722,37.5783375,-92.8156864,6767.798956430498,0
939,65723,36.9523434,-94.0413414,8684.46559814195,3
940,65724,37.8404584,-93.316158,4152.5924771345935,0
941,65725,37.4296551,-93.2641407,4972.837528590219,4
942,65727,37.7430269,-93.2942939,3588.2209570974696,0
943,65728,36.878269,-93.3340761,1063.2686715168988,0
944,65729,36.5235012,-92.5623236,2787.7353514064744,0
945,65730,36.6169346,-94.1586912,3308.2616161505475,0
946,65731,36.6584737,-93.1187703,896.4722162114736,0
947,65732,37.9430247,-93.1681344,6828.851318812337,0
948,65733,36.5330973,-92.8512451,6762.152288090629,0
949,65734,36.7952141,-93.9418174,8037.503419992574,4
950,65735,38.0585231,-93.4837641,4432.936866252648,0
951,65737,36.7180192,-93.3575899,8080.082066424732,22
952,65738,37.1369306,-93.4903349,6581.19437201927,15
953,65739,36.5182995,-93.2670408,2983.774580548627,1
954,65740,36.7139896,-93.1635101,1956.2592661786161,0
955,65742,37.1292603,-93.0789427,9952.723149335776,18
956,65744,36.6114187,-92.8895469,4133.830245880443,0
957,65745,36.5323467,-93.9295485,7177.170227958647,0
958,65746,37.1499025,-92.7797532,11739.619070943363,10
959,65747,36.5973267,-93.5827694,7844.536401886523,6
960,65752,37.3234479,-93.8395269,6004.369664886893,0
961,65753,36.9949974,-93.0691525,7284.333428668277,7
962,65754,36.8346158,-93.277591,4213.747835070147,0
963,65755,36.812779,-92.5731729,5742.318892883627,0
964,65756,37.0980346,-93.9739062,5022.693545220302,1
965,65757,37.2828476,-93.0989402,8111.978967599402,8
966,65759,36.7523247,-93.0289018,5949.147084537706,0
967,65760,36.6287832,-92.2700708,5796.50017326692,0
968,65761,36.5764488,-92.7249842,9878.745577658172,1
969,65762,36.680587,-92.6628704,7624.527334302969,0
970,65764,37.8148503,-92.9490577,8876.457132532443,0
971,65766,36.5989083,-92.2814831,1822.349559940257,0
972,65767,37.8522558,-93.1559306,8288.620407633742,4
973,65768,36.9233641,-92.2519923,6117.685369204347,0
974,65769,36.9205775,-93.790598,8643.189234667316,15
975,65770,37.4226272,-93.5482264,8829.798675741507,0
976,65771,36.7743285,-93.2070337,5582.796960565128,1
977,65772,36.592579,-94.0429644,8775.412708139473,0
978,65773,36.7450524,-92.4921595,7435.21805820855,0
979,65774,37.9302727,-93.4893442,6781.5966962253615,1
980,65775,36.7054351,-91.8619802,19630.013668047723,20
981,65777,36.5235644,-91.9876811,3692.515182727237,0
982,65778,36.5304476,-91.2710246,5441.850611768795,0
983,65779,37.9775672,-93.3788634,8043.768383461712,5
984,65781,37.3555407,-93.417569,7815.822744294248,17
985,65783,37.7117354,-92.9420018,3066.7673697277405,0
986,65784,36.699584,-92.3184412,1800.9253191014593,0
987,65785,37.708475,-93.8250539,13626.853597293932,16
988,65786,37.9657804,-92.9627225,9725.865474567088,1
989,65787,38.1239937,-92.931938,5837.6487098743255,2
990,65788,36.8208892,-91.67658,5320.084724832263,0
991,65789,36.8631671,-91.8861671,7767.37167351777,0
992,65790,36.7030237,-92.1095398,6697.793007388874,0
993,65791,36.5583382,-91.5039809,10265.923169301248,14
994,65793,36.998147,-91.9576164,14625.754922638047,14
995,65802,37.2105173,-93.3472546,7215.240437231366,20
996,65803,37.2831404,-93.2895991,8915.244376027178,20
997,65804,37.1505753,-93.2518674,3866.8262094962633,20
998,65806,37.2054868,-93.2985869,1326.1203852174751,20
999,65807,37.165878,-93.3226878,4129.265019000877,40
1000,65809,37.1690531,-93.1935645,3883.323051196178,20
1001,65810,37.1213579,-93.3158162,3202.2210435209663,20
1002,72644,36.4267987,-92.9543494,9196.060068056584,3
